{
  "target_pc": [
    0.0246776707783114,
    0.024677670778311313,
    0.9993908270180967
  ],
  "color_axis_color_pc": [
    0.6922289062827873,
    -0.5466099492240879,
    0.4436163097688389
  ],
  "color_axis_shape_pc": [
    0.7180577079172853,
    -0.7768178145033824,
    0.2601753275897589
  ],
  "shape_axis_shape_pc": [
    0.7045001590803872,
    0.5366563332991516,
    0.45344421339330354
  ],
  "shape_axis_color_pc": [
    0.711614193424828,
    0.7556708537183625,
    0.1133429894024045
  ]
}