0,0.266236,-0.034453,-0.034453,0.0643117,-0.034453,-0.034453,-0.034453,-0.034453,-0.034453,-0.034453,-0.034453,-0.034453,0.276015,-0.034453,-0.034453,-0.034453,-0.034453,-0.034453,-0.034453,-0.034453,-0.034453,-0.034453,-0.034453,-0.034453,0.177085,-0.034453,-0.034453,-0.034453,-0.034453,-0.034453,-0.034453,-0.034453,-0.034453,-0.034453,-0.034453,0.238713,0.0495192,-0.034453,-0.0159608,-0.034453,-0.034453,-0.034453,0.0644153,-0.034453,-0.034453,-0.034453,-0.034453,-0.034453,0.138037,-0.034453,-0.034453,0.0212166,-0.034453,0.0646217,0.0499275,-0.034453,-0.034453,0.0287958,-0.034453,0.125726,0.254642,-0.034453,0.277639,0.251876,-0.034453,0.0325201,-0.034453,-0.00217346,-0.034453,-0.034453,0.00037902,-0.034453,-0.034453,-0.034453,-0.034453,-0.034453,-0.034453,-0.034453,-0.034453,-0.034453,-0.034453,-0.034453,0.158023,0.13132,-0.034453,-0.034453,-0.034453,-0.034453,-0.034453,-0.034453,-0.034453,-0.034453,-0.034453,-0.034453,-0.034453,-0.034453,-0.034453,-0.034453,-0.034453
-0.0328326,0,0.279134,-0.0328326,-0.0328326,-0.0328326,0.139432,-0.0328326,0.189035,-0.0328326,0.0738989,-0.0328326,-0.0328326,-0.0328326,-0.0328326,0.172499,-0.0328326,-0.0328326,-0.0328326,-0.0328326,-0.0328326,-0.0328326,-0.0328326,-0.0328326,-0.0328326,-0.0328326,-0.0328326,-0.0328326,-0.0272774,-0.0328326,0.0347932,-0.0328326,-0.0328326,-0.0328326,-0.0328326,-0.0328326,-0.0328326,-0.0328326,-0.0328326,-0.0328326,-0.0328326,-0.0328326,0.27391,-0.0328326,-0.00382375,-0.0328326,-0.0328326,0.0629195,-0.0328326,-0.0328326,-0.0328326,-0.0328326,-0.0328326,0.158003,-0.0328326,-0.0328326,-0.0328326,-0.0328326,-0.0328326,-0.0328326,-0.0328326,-0.0328326,-0.0328326,-0.0190655,0.0456423,-0.0328326,-0.0328326,-0.0328326,-0.0328326,-0.0328326,-0.0328326,-0.0328326,0.19261,-0.0328326,-0.0328326,0.269813,0.0253457,-0.0328326,0.0227577,0.19644,0.172773,-0.0328326,-0.0328326,-0.0328326,0.0985013,-0.0328326,-0.0328326,0.00835081,-0.0328326,-0.0328326,-0.0328326,-0.0328326,-0.0328326,-0.0328326,-0.0328326,0.162418,-0.0328326,-0.0328326,-0.0328326,-0.0328326
-0.0184642,-0.0184642,0,-0.0184642,0.0906018,-0.0184642,-0.0184642,0.0380652,-0.0184642,-0.0184642,0.192576,0.00143787,-0.0184642,-0.0184642,-0.0184642,-0.0184642,-0.0184642,-0.0184642,-0.0184642,-0.0184642,-0.0184642,-0.0184642,-0.0184642,-0.0184642,-0.0184642,-0.0184642,-0.0184642,-0.0184642,-0.0184642,-0.0184642,-0.0184642,-0.0184642,-0.0184642,0.233918,-0.0184642,-0.0184642,0.0928761,-0.0184642,-0.0184642,0.00787442,-0.0184642,0.00528633,-0.0184642,-0.0184642,-0.0184642,-0.0184642,-0.0184642,-0.00102212,-0.0184642,-0.0184642,0.21172,-0.0184642,-0.0184642,-0.0184642,-0.0184642,-0.0184642,-0.0184642,0.11282,-0.0184642,-0.0184642,-0.0184642,-0.0184642,-0.0184642,-0.0184642,-0.0184642,-0.0184642,-0.0184642,-0.0184642,-0.0184642,-0.0184642,-0.0184642,-0.0184642,-0.0184642,-0.0184642,-0.0184642,0.153264,-0.0184642,-0.0184642,-0.0184642,-0.0184642,-0.0184642,-0.00559468,-0.0184642,0.266252,-0.0184642,-0.0184642,0.126208,-0.0184642,-0.0184642,-0.0184642,-0.0184642,-0.0184642,-0.0184642,0.00624413,-0.0184642,-0.0184642,-0.0184642,-0.0184642,-0.0184642,-0.0184642
0.187849,-0.0321202,-0.0321202,0,-0.0321202,0.0999312,-0.0321202,-0.0321202,-0.0321202,0.198215,-0.0321202,-0.0321202,-0.0321202,-0.0321202,0.259307,-0.0321202,-0.0321202,-0.0321202,-0.0321202,-0.0321202,-0.0300168,-0.0321202,-0.0321202,-0.0321202,-0.0321202,0.0269321,-0.0321202,-0.0321202,-0.0321202,0.120358,-0.0321202,-0.0321202,-0.0321202,-0.0321202,-0.0321202,-0.0182274,-0.0321202,-0.00914983,-0.0321202,-0.0321202,-0.0321202,0.0804361,-0.0321202,-0.0321202,-0.0321202,-0.0321202,-0.0321202,-0.0321202,-0.0321202,-0.0321202,-0.0321202,-0.0321202,0.0530907,-0.0321202,-0.0321202,-0.0321202,-0.0321202,-0.0321202,-0.0321202,-0.0321202,-0.0321202,-0.0321202,-0.0321202,-0.0321202,0.0260166,0.149106,0.193425,-0.0321202,-0.0321202,-0.0321202,-0.0321202,-0.0321202,-0.0321202,-0.0321202,-0.0321202,-0.0321202,-0.0321202,0.169462,-0.0321202,-0.0321202,-0.0321202,-0.0321202,-0.0321202,-0.0236785,-0.0321202,0.182513,0.160951,-0.00572026,-0.0321202,0.26504,-0.0321202,-0.0321202,-0.0321202,0.189735,-0.0321202,-0.0321202,-0.0321202,-0.00169734,0.16726,-0.0321202
-0.036983,-0.036983,-0.036983,-0.036983,0,-0.0368599,-0.036983,-0.036983,-0.036983,-0.036983,0.10721,-0.036983,-0.036983,-0.036983,-0.036983,-0.036983,-0.036983,0.18924,0.169644,-0.036983,-0.036983,-0.036983,0.0579036,0.0118444,-0.036983,-0.036983,-0.036983,-0.036983,0.163262,0.0683393,-0.036983,-0.036983,-0.036983,-0.036983,-0.036983,-0.036983,-0.036983,-0.036983,-0.036983,-0.036983,-0.036983,-0.036983,-0.036983,-0.036983,-0.036983,-0.036983,-0.036983,0.174699,-0.036983,-0.036983,-0.036983,0.0941056,-0.036983,-0.0101101,-0.036983,-0.036983,-0.036983,-0.036983,-0.036983,0.0264268,-0.036983,-0.036983,-0.036983,0.237093,0.090192,-0.036983,-0.036983,-0.036983,-0.036983,-0.026152,-0.036983,0.272704,-0.036983,0.0684321,-0.036983,0.142156,-0.036983,-0.036983,-0.036983,-0.0345726,-0.036983,-0.036983,-0.036983,-0.036983,0.176547,-0.036983,-0.036983,0.228433,0.0540685,-0.036983,0.197623,-0.036983,-0.036983,-0.036983,0.236714,-0.036983,-0.036983,-0.036983,-0.036983,0.0777996
0.268172,-0.0191147,-0.0191147,-0.0191147,-0.0191147,0,-0.0191147,-0.0191147,-0.0191147,-0.0191147,-0.0191147,-0.0191147,-0.0191147,0.0480243,-0.0191147,-0.0191147,-0.0191147,-0.0191147,-0.0191147,-0.0191147,-0.0191147,-0.0191147,-0.0191147,-0.0191147,-0.0191147,-0.0191147,-0.0191147,-0.0191147,-0.0191147,-0.0191147,-0.0191147,-0.0191147,-0.0191147,0.18507,-0.0191147,0.0844407,-0.0191147,-0.0191147,-0.0191147,0.0785808,-0.0191147,-0.0191147,-0.0191147,0.199713,-0.0191147,-0.0191147,-0.0191147,0.0877713,-0.0191147,-0.0191147,0.134949,-0.0191147,-0.0191147,-0.0191147,-0.0191147,-0.0113077,-0.0191147,-0.0191147,-0.0191147,-0.0191147,-0.0191147,-0.0191147,-0.0191147,-0.0191147,-0.0191147,-0.0191147,-0.0191147,-0.0191147,-0.0191147,-0.0191147,-0.0191147,-0.0191147,0.142649,-0.0191147,-0.0191147,-0.0191147,-0.0191147,-0.0191147,0.239057,-0.0191147,-0.0191147,-0.0191147,-0.0191147,-0.0191147,-0.0191147,-0.0191147,-0.0191147,-0.0191147,-0.0191147,-0.0191147,-0.0191147,0.102649,-0.0191147,-0.0191147,-0.0191147,-0.0191147,0.0840934,-0.0191147,-0.0191147,-0.0191147
-0.0320091,-0.0320091,-0.0320091,-0.0320091,-0.0320091,-0.0320091,0,0.0474527,-0.0320091,-0.0320091,-0.0320091,-0.0320091,-0.0320091,-0.0320091,-0.0320091,-0.0320091,-0.0320091,-0.0320091,-0.0320091,0.0357487,-0.0320091,-0.0320091,-0.0320091,0.125483,-0.0320091,-0.0320091,-0.0320091,-0.0320091,-0.0320091,-0.0320091,0.216957,-0.0320091,-0.0320091,-0.0320091,-0.0320091,-0.0320091,-0.0320091,-0.0320091,-0.0320091,-0.0320091,-0.0320091,-0.0320091,0.0231809,-0.0320091,0.245145,0.232791,-0.0320091,-0.0320091,-0.0320091,-0.0320091,-0.0320091,-0.0320091,-0.0320091,-0.0320091,0.274697,-0.0320091,-0.0320091,0.117005,-0.0320091,-0.0320091,-0.0320091,-0.0320091,-0.0320091,-0.0320091,-0.0320091,-0.0320091,0.161227,-0.0320091,-0.0320091,-0.0320091,-0.0320091,-0.0320091,-0.0320091,-0.0320091,-0.0320091,0.225385,0.000417833,-0.0320091,-0.0320091,0.277933,-0.0320091,-0.0320091,-0.0320091,-0.0320091,-0.0320091,0.27675,-0.0320091,-0.0320091,0.142363,-0.0320091,-0.0320091,-0.0320091,-0.0320091,-0.0320091,-0.0320091,0.254218,-0.0320091,-0.0320091,-0.0320091,-0.0320091
0.0687003,-0.0166691,-0.0166691,-0.0166691,-0.0166691,-0.0166691,-0.0166691,0,-0.0166691,-0.0166691,-0.00580566,-0.0166691,0.010105,-0.0166691,0.0938455,0.123753,-0.0166691,-0.0166691,-0.0166691,-0.0166691,-0.0166691,-0.0166691,-0.0166691,-0.0166691,-0.0166691,-0.0166691,-0.0166691,-0.0166691,-0.0166691,-0.0166691,-0.0166691,-0.0166691,-0.0166691,-0.0166691,-0.0166691,-0.0166691,-0.0166691,-0.0166691,-0.00525935,-0.0166691,-0.0166691,-0.0166691,-0.0166691,-0.0166691,-0.0166691,-0.0166691,-0.0166691,0.175162,0.0536037,-0.0166691,-0.0166691,-0.0166691,-0.0166691,0.131855,-0.0166691,-0.0166691,-0.0166691,-0.0166691,-0.0166691,-0.0166691,-0.0166691,-0.0166691,0.273049,-0.0166691,-0.0166691,-0.0166691,-0.0166691,0.0863504,-0.0166691,-0.0166691,-0.0166691,-0.0166691,-0.0166691,-0.0166691,-0.0166691,-0.0166691,0.200321,-0.0166691,-0.0166691,-0.0166691,-0.0166691,-0.0166691,-0.0166691,-0.0166691,-0.0166691,-0.0166691,-0.0166691,-0.0166691,-0.0166691,0.0414856,-0.0166691,-0.0166691,-0.0166691,0.169705,-0.0166691,-0.0166691,-0.0166691,-0.0166691,-0.0166691,-0.0166691
-0.0265281,-0.0265281,-0.0265281,-0.0157944,-0.0265281,-0.0265281,-0.0265281,0.274803,0,-0.0265281,-0.0265281,-0.0265281,-0.0265281,-0.0265281,-0.0265281,-0.0265281,-0.0265281,-0.0265281,-0.0265281,-0.0265281,0.235187,-0.0265281,-0.0265281,-0.0265281,-0.0265281,-0.0265281,-0.0265281,0.266547,-0.0265281,-0.0265281,-0.0265281,-0.0265281,-0.0265281,-0.0265281,-0.0265281,0.0947377,-0.0265281,-0.0265281,0.0528019,-0.0265281,-0.0265281,-0.0265281,-0.0265281,-0.0265281,-0.0265281,0.0858283,-0.0265281,0.222113,0.0520667,-0.0265281,-0.0265281,0.0889544,-0.0265281,-0.0265281,-0.0265281,0.272104,-0.0265281,-0.0265281,-0.0265281,-0.0265281,-0.0265281,-0.0265281,-0.0265281,-0.0265281,-0.0265281,-0.0265281,-0.0265281,-0.0265281,-0.0265281,0.109667,-0.0265281,-0.0265281,-0.0265281,-0.0265281,-0.0265281,-0.0265281,-0.0265281,-0.0265281,-0.0265281,-0.0265281,-0.0265281,0.214201,0.222665,-0.0265281,-0.0265281,-0.0265281,-0.0265281,-0.0265281,-0.0265281,-0.0265281,0.0524759,-0.0265281,-0.0265281,-0.0265281,-0.0265281,-0.0265281,-0.0265281,-0.0265281,-0.0265281,-0.0265281
-0.0259332,-0.0259332,-0.0259332,-0.0259332,-0.0259332,-0.0259332,-0.0259332,0.229045,-0.0259332,0,-0.0259332,-0.0259332,-0.0259332,0.28029,0.0237981,-0.0259332,-0.0259332,-0.0259332,-0.0259332,-0.0259332,-0.0259332,-0.0259332,-0.0259332,-0.0259332,-0.0259332,-0.0259332,0.00218902,-0.0259332,0.12556,-0.0259332,-0.0259332,-0.0259332,-0.0259332,-0.0259332,-0.0259332,-0.0259332,-0.0259332,0.178471,-0.0259332,-0.0259332,0.215872,-0.0259332,-0.0259332,-0.0259332,-0.0259332,-0.0259332,0.0581551,-0.0259332,-0.0259332,-0.0259332,-0.0259332,-0.00326281,-0.0259332,-0.0259332,-0.0259332,-0.0259332,-0.0259332,-0.0259332,-0.0259332,0.0877797,-0.0259332,-0.0259332,-0.0259332,0.229268,-0.0259332,-0.0259332,-0.0259332,-0.0259332,-0.0259332,-0.0259332,0.14585,-0.0259332,-0.0259332,-0.0259332,-0.0259332,-0.0259332,-0.0259332,-0.0259332,-0.0259332,-0.0259332,-0.0259332,-0.0259332,-0.0259332,-0.0259332,-0.0259332,-0.0259332,-0.0259332,-0.0259332,-0.0259332,0.132383,-0.0259332,-0.0259332,-0.0259332,-0.0259332,-0.0259332,0.216942,-0.0259332,-0.0259332,0.256047,-0.0259332
-0.0317885,-0.0317885,-0.0317885,0.123738,-0.0317885,-0.0317885,0.218286,-0.0317885,-0.0317885,-0.0317885,0,-0.0317885,-0.0317885,-0.0317885,-0.0317885,-0.0317885,-0.0317885,-0.0317885,-0.0317885,-0.0317885,-0.0317885,-0.0317885,-0.0317885,-0.0317885,-0.0317885,-0.0317885,-0.0317885,-0.0317885,-0.0317885,-0.0317885,-0.0317885,0.211498,0.0481249,-0.0317885,-0.0317885,0.132005,-0.0317885,-0.0317885,0.212742,-0.0317885,-0.0317885,0.23188,-0.0317885,-0.0317885,0.165067,-0.0317885,-0.0317885,-0.0317885,-0.0317885,0.0796669,-0.0317885,-0.0317885,-0.0317885,-0.0317885,-0.0317885,-0.0317885,-0.0317885,-0.0317885,-0.0317885,0.223604,-0.0317885,-0.0317885,-0.0317885,0.279461,-0.0317885,-0.0317885,-0.0317885,-0.0317885,-0.0317885,-0.0317885,-0.0317885,-0.0317885,-0.0317885,-0.0317885,0.121039,-0.0317885,-0.0317885,-0.0317885,-0.0317885,-0.0317885,-0.0317885,-0.0317885,0.274328,-0.0317885,-0.0317885,-0.00428434,-0.0317885,0.00956672,-0.0317885,-0.0317885,0.0932818,-0.0317885,-0.0317885,-0.0317885,-0.0317885,0.0643827,-0.0317885,-0.0317885,-0.0317885,0.0904827
-0.0293553,0.26065,-0.0293553,0.118234,-0.0293553,-0.0293553,-0.0293553,-0.0293553,0.179066,-0.0293553,-0.0293553,0,-0.0293553,0.190146,0.13992,-0.0293553,-0.0293553,-0.0293553,-0.0293553,-0.0293553,-0.0293553,-0.0293553,-0.0293553,-0.0293553,-0.0293553,-0.0293553,0.196994,-0.0141843,-0.0293553,-0.0293553,-0.0293553,-0.0293553,-0.0293553,-0.0293553,-0.0293553,-0.0293553,-0.0293553,-0.0293553,-0.0293553,-0.0293553,-0.0293553,-0.0293553,-0.0293553,-0.0293553,-0.0293553,0.0544045,-0.0293553,-0.0293553,-0.0293553,-0.0293553,-0.0293553,-0.0293553,-0.0293553,-0.0293553,-0.0293553,-0.0293553,-0.0293553,-0.0293553,-0.0293553,0.0556887,-0.0293553,-0.0293553,-0.0293553,-0.0293553,-0.0293553,-0.0293553,0.199118,0.0170009,-0.0293553,-0.0293553,0.239769,-0.0293553,-0.0293553,-0.0293553,-0.0293553,0.226527,-0.0293553,-0.0293553,-0.0293553,-0.0293553,-0.0293553,-0.0293553,-0.0293553,-0.0293553,-0.0293553,-0.0293553,-0.0293553,-0.0293553,-0.0293553,-0.0293553,-0.0293553,0.233142,-0.0293553,-0.0293553,-0.0293553,-0.0293553,0.147662,0.192355,-0.0293553,-0.0293553
-0.0418556,-0.0418556,-0.0418556,-0.0418556,-0.0418556,-0.0418556,-0.0418556,0.139208,-0.0418556,-0.0418556,-0.0418556,-0.0418556,0,-0.0418556,0.190276,-0.0418556,0.214966,0.164196,-0.0418556,-0.0418556,-0.0418556,-0.0418556,-0.0418556,-0.0418556,-0.0418556,-0.0418556,-0.0418556,0.15305,-0.0418556,-0.0418556,0.255517,-0.0418556,-0.0418556,-0.0418556,0.17371,-0.0418556,-0.0363276,-0.0418556,-0.0418556,-0.0418556,-0.0418556,-0.0418556,0.239891,-0.0418556,-0.0418556,-0.0418556,0.218506,0.255906,0.0812153,-0.0418556,-0.0418556,-0.0418556,0.0517618,-0.0418556,-0.0418556,-0.0418556,-0.0418556,-0.0418556,0.129243,-0.0418556,-0.0418556,-0.0418556,0.269349,-0.0418556,-0.0418556,-0.0418556,-0.0418556,0.222454,-0.0418556,-0.0418556,-0.0418556,-0.0418556,-0.0418556,-0.0418556,-0.0418556,0.161197,-0.0418556,0.0323221,-0.0418556,-0.0418556,-0.0418556,-0.0418556,-0.0418556,-0.0418556,0.229486,-0.0418556,-0.0418556,-0.0237422,-0.0418556,0.136736,-0.0418556,-0.0418556,-0.0418556,-0.0418556,-0.0418556,-0.0418556,-0.0418556,-0.036041,-0.0418556,-0.0418556
-0.0206547,-0.0206547,-0.0206547,-0.0206547,-0.0206547,-0.0206547,0.225744,-0.0206547,-0.0206547,-0.0206547,-0.0206547,-0.0206547,-0.0206547,0,-0.0206547,-0.0206547,-0.0206547,-0.0206547,-0.0206547,-0.0206547,-0.0206547,0.226973,-0.0206547,-0.0206547,-0.0206547,-0.0206547,-0.0206547,-0.0206547,0.191698,-0.0206547,-0.0206547,-0.0206547,-0.0206547,-0.0206547,-0.0206547,-0.0206547,0.173737,-0.0206547,-0.0206547,-0.0206547,-0.0206547,-0.0206547,0.206469,-0.0206547,-0.0206547,-0.0206547,-0.0206547,-0.0206547,-0.0206547,-0.0206547,-0.0206547,-0.0206547,-0.0206547,-0.0206547,-0.0206547,-0.0206547,-0.0206547,-0.0206547,-0.0206547,-0.0206547,0.0356221,-0.0206547,-0.0206547,-0.0206547,-0.0206547,-0.0206547,-0.0206547,0.0270328,-0.0206547,-0.0206547,-0.0206547,-0.0206547,-0.0206547,-0.0206547,-0.0206547,0.259304,-0.0206547,-0.0206547,-0.0206547,-0.0206547,-0.0206547,-0.0206547,-0.0206547,-0.0206547,-0.0206547,0.0978145,-0.0206547,-0.0206547,0.0809247,-0.0206547,-0.0206547,0.292298,-0.0206547,-0.0206547,-0.0206547,-0.0206547,-0.0206547,-0.0206547,-0.0206547,-0.0206547
-0.0363844,-0.0363844,-0.0363844,-0.0363844,0.030603,0.225989,-0.0363844,0.0341362,0.035065,-0.0363844,-0.0363844,-0.0363844,-0.0363844,-0.0363844,0,-0.0363844,0.130247,0.0385649,-0.0338811,-0.0256876,-0.0363844,-0.00223098,-0.0363844,-0.0363844,-0.0363844,0.157117,-0.0363844,-0.0363844,-0.0363844,-0.0363844,-0.0363844,-0.0363844,0.253793,0.24692,-0.0363844,-0.0363844,-0.0363844,-0.0363844,0.259187,-0.0363844,-0.0363844,-0.0363844,-0.0363844,-0.0363844,-0.0363844,0.180269,-0.0363844,0.0523118,-0.0363844,-0.0363844,0.0570201,-0.0363844,0.183899,-0.0363844,-0.0363844,0.246842,0.00993541,-0.0363844,-0.0363844,-0.0363844,-0.0363844,-0.0363844,0.0132013,0.140433,-0.0363844,-0.0363844,-0.0363844,-0.0363844,-0.0363844,-0.0363844,-0.0363844,-0.0363844,-0.0363844,-0.0363844,-0.0363844,-0.0363844,-0.0363844,0.066839,0.202338,-0.0363844,-0.0363844,-0.0363844,-0.0363844,-0.0363844,-0.0363844,-0.0363844,-0.0363844,-0.0363844,-0.0363844,-0.0363844,-0.0363844,-0.0363844,-0.0363844,-0.0363844,0.225923,-0.0363844,-0.0363844,-0.0363844,-0.0363844,-0.0363844
0.0875316,-0.043059,-0.043059,-0.043059,0.0995428,-0.043059,-0.043059,-0.043059,-0.043059,-0.043059,0.238692,-0.043059,-0.043059,-0.043059,-0.043059,0,-0.043059,-0.043059,-0.043059,0.238141,-0.043059,-0.043059,-0.043059,-0.043059,-0.043059,-0.043059,-0.043059,0.0521062,-0.0229865,-0.043059,-0.043059,-0.043059,-0.043059,-0.043059,0.246221,-0.043059,0.00269947,-0.043059,-0.043059,-0.043059,-0.043059,-0.043059,-0.043059,-0.043059,0.205379,-0.043059,0.265057,-0.043059,-0.043059,-0.00450076,0.188107,-0.043059,0.0339093,-0.043059,-0.043059,0.127993,-0.043059,-0.043059,-0.043059,-0.043059,0.0931365,-0.043059,0.179152,-0.043059,-0.043059,-0.043059,-0.043059,-0.043059,0.111258,-0.043059,-0.043059,-0.043059,-0.043059,-0.043059,0.252067,-0.043059,-0.043059,-0.0190093,0.244926,0.150669,-0.043059,-0.043059,-0.043059,-0.0375688,-0.043059,-0.043059,-0.043059,-0.043059,-0.043059,-0.043059,0.209835,-0.043059,0.0631899,-0.043059,-0.043059,-0.043059,-0.043059,-0.043059,-0.043059,0.180817
-0.0281004,-0.0281004,-0.0281004,0.203635,-0.0281004,-0.0281004,-0.00322787,-0.0281004,-0.0281004,0.111799,-0.0281004,-0.0281004,-0.0281004,-0.0281004,-0.0281004,-0.0281004,0,-0.0281004,-0.0281004,-0.0281004,0.0737322,-0.0281004,-0.0281004,-0.0281004,-0.0281004,-0.0281004,-0.0281004,-0.0281004,-0.0281004,-0.0281004,-0.0281004,-0.0281004,-0.0281004,-0.0281004,-0.0281004,-0.0281004,0.268187,0.197645,-0.0200338,-0.0281004,0.193199,-0.0182239,-0.0281004,-0.0281004,-0.0281004,-0.0281004,-0.0281004,-0.0281004,-0.0281004,-0.0281004,-0.0281004,-0.0281004,-0.0281004,-0.0281004,-0.0281004,-0.0281004,-0.0281004,-0.0281004,-0.0281004,-0.0281004,-0.0281004,-0.0281004,-0.0281004,-0.0281004,-0.0281004,-0.0281004,-0.0281004,-0.0281004,-0.0281004,-0.0281004,-0.0281004,0.137791,-0.0281004,-0.0259007,0.101595,-0.0281004,0.172737,-0.0281004,-0.0281004,-0.0281004,-0.0281004,0.211979,-0.0281004,-0.0281004,-0.0281004,-0.0281004,-0.0281004,-0.0281004,-0.0281004,-0.0281004,-0.0281004,-0.0281004,-0.0281004,-0.0281004,-0.0281004,-0.0281004,0.228422,-0.0281004,0.237208,0.233689
-0.0318252,-0.0318252,-0.0318252,-0.0318252,-0.0318252,-0.0318252,-0.0318252,0.0592244,0.00467638,-0.0318252,-0.0318252,-0.0318252,-0.0318252,-0.0318252,-0.0318252,-0.0318252,-0.0318252,0,-0.0318252,-0.0318252,-0.0318252,-0.0318252,-0.0318252,0.232164,-0.0318252,-0.0318252,0.20797,-0.0318252,0.217028,-0.0318252,0.100741,-0.0318252,-0.0318252,-0.0318252,-0.0318252,0.249019,-0.0318252,0.0921522,0.179333,-0.0318252,-0.0318252,-0.0318252,-0.0318252,-0.0318252,-0.0318252,-0.0318252,-0.0318252,-0.0318252,-0.0318252,0.167881,-0.0318252,-0.0318252,-0.0318252,-0.0318252,-0.0318252,-0.0318252,-0.0318252,-0.0318252,-0.0318252,-0.0318252,0.0714632,0.0801867,-0.0318252,-0.0318252,-0.0318252,0.141728,-0.0318252,-0.0318252,0.256852,-0.0318252,-0.0318252,-0.0318252,-0.0318252,-0.0318252,-0.0318252,-0.0318252,-0.0318252,0.0834628,-0.0318252,0.102815,-0.0318252,-0.0224721,-0.0318252,-0.0318252,-0.0318252,-0.0318252,-0.0318252,-0.0318252,-0.0318252,-0.0318252,-0.0318252,-0.0318252,-0.0318252,0.0850331,-0.0318252,-0.0318252,-0.0318252,-0.0206284,0.225564,-0.0318252
-0.0229858,0.0442135,0.0369321,-0.0229858,-0.0229858,-0.0229858,-0.0229858,-0.0229858,0.141028,-0.0229858,0.0856697,-0.0229858,0.180236,-0.0229858,-0.0229858,-0.0229858,-0.0229858,-0.0229858,0,-0.0229858,-0.0229858,-0.0229858,-0.0229858,-0.0229858,-0.0229858,-0.0229858,-0.0229858,0.241369,-0.0229858,-0.0229858,-0.0229858,-0.0229858,-0.0229858,-0.0229858,-0.0229858,-0.0229858,-0.0229858,-0.0229858,0.146729,0.251003,-0.0229858,-0.0229858,-0.0229858,-0.0229858,-0.0229858,-0.0229858,-0.0229858,-0.0229858,-0.0229858,0.000408458,-0.0229858,-0.0229858,-0.0229858,-0.0229858,-0.0229858,-0.0229858,-0.0229858,-0.0229858,-0.0229858,-0.0229858,-0.0229858,-0.0229858,-0.0229858,-0.0229858,-0.0229858,0.0683446,-0.0229858,-0.0229858,0.0134447,-0.0229858,-0.0229858,0.208772,-0.0229858,-0.0229858,-0.0229858,-0.0229858,-0.0229858,-0.0229858,-0.0229858,-0.0229858,-0.0229858,0.229415,-0.0229858,0.0977099,-0.0229858,-0.0229858,-0.0229858,-0.0229858,-0.0229858,-0.0229858,-0.0229858,0.0249448,-0.0229858,-0.0229858,-0.0229858,0.135298,-0.0229858,-0.0229858,-0.0206861,-0.0229858
-0.0295649,-0.0295649,0.194916,-0.0295649,0.0408562,-0.0295649,-0.0295649,-0.0295649,-0.0295649,0.0109712,-0.0295649,-0.0295649,0.0861544,-0.0295649,0.0702665,-0.0295649,0.117139,-0.0295649,0.0565586,0,-0.0295649,-0.0295649,-0.0295649,-0.0295649,-0.0295649,0.165031,-0.0295649,-0.0295649,-0.0295649,-0.0295649,-0.0295649,-0.0295649,-0.0295649,-0.0295649,-0.0295649,-0.0295649,-0.0295649,-0.0295649,0.233918,-0.0295649,-0.0295649,-0.0295649,-0.0295649,-0.0295649,-0.0295649,-0.0295649,-0.0295649,0.0577097,-0.0295649,-0.0295649,-0.0295649,0.200747,-0.0109539,-0.0295649,0.139689,-0.0295649,-0.0295649,-0.0295649,-0.0295649,-0.0295649,-0.0295649,-0.0295649,-0.0295649,-0.0295649,-0.0295649,-0.0295649,-0.0295649,-0.0295649,0.0179237,-0.0295649,-0.0295649,-0.0295649,0.215297,-0.0295649,-0.0295649,-0.0295649,-0.0295649,-0.0295649,-0.0295649,0.238841,-0.0295649,0.0581955,-0.0211623,0.126809,-0.0295649,-0.0295649,-0.0295649,0.115027,-0.0295649,-0.0295649,0.0155731,-0.0295649,-0.0295649,-0.0295649,-0.0295649,-0.0295649,-0.0295649,-0.0295649,-0.0295649,0.146988
-0.0240321,0.0488622,-0.0240321,-0.0240321,-0.0240321,0.284766,-0.0240321,-0.0240321,-0.0240321,-0.0240321,-0.0240321,-0.0240321,-0.0240321,-0.0240321,-0.0240321,-0.0240321,-0.0240321,-0.000969842,-0.0240321,-0.0240321,0,-0.0240321,-0.0240321,-0.0240321,0.00196746,-0.0240321,-0.0240321,-0.0240321,-0.0240321,-0.0240321,-0.0240321,-0.0240321,-0.0240321,0.249945,0.206614,0.19212,-0.0240321,-0.0240321,-0.0240321,-0.0240321,-0.0240321,-0.0240321,-0.0240321,-0.0240321,0.169517,-0.0240321,-0.0240321,0.0325922,-0.0240321,-0.0240321,0.121686,-0.0240321,-0.0240321,-0.0240321,-0.0240321,-0.0230882,-0.0240321,-0.0240321,-0.0240321,-0.0240321,-0.0240321,-0.0240321,-0.0240321,-0.0240321,-0.0240321,-0.0240321,-0.0240321,0.256833,-0.0240321,-0.0240321,-0.0240321,-0.0240321,-0.0240321,-0.0240321,-0.0240321,-0.0240321,-0.0240321,-0.0240321,-0.0240321,-0.0240321,-0.0240321,-0.0240321,-0.0240321,0.184821,-0.0240321,-0.0240321,-0.0240321,-0.0240321,-0.0240321,-0.0240321,-0.0240321,-0.0240321,-0.0240321,-0.0240321,-0.0240321,-0.0240321,0.0112222,0.281807,-0.0240321,-0.0240321
-0.0444386,0.248427,-0.0446184,-0.0446184,0.169837,-0.0446184,-0.0446184,0.0418563,-0.0446184,0.246495,-0.0446184,-0.0446184,-0.0446184,-0.0446184,-0.0446184,-0.0446184,-0.0446184,-0.0446184,-0.0446184,-0.0446184,-0.0446184,0,0.245531,-0.0446184,-0.0446184,-0.0446184,-0.0446184,-0.0446184,-0.0446184,0.20885,-0.0446184,-0.0446184,0.223309,-0.0446184,0.0800782,-0.0446184,-0.0446184,-0.0446184,-0.0446184,-0.0446184,-0.0446184,-0.0446184,-0.0446184,-0.0446184,0.201338,-0.0446184,0.0223247,-0.0193135,-0.0446184,0.105282,-0.0446184,-0.0446184,0.162286,-0.021309,-0.0446184,-0.0446184,-0.0141176,-0.0446184,-0.0446184,-0.0446184,-0.0446184,-0.0446184,-0.0446184,-0.0446184,0.122944,-0.0446184,-0.0446184,0.227342,0.017297,-0.0446184,-0.0446184,-0.0446184,-0.0446184,-0.0446184,-0.0446184,-0.0446184,-0.0446184,-0.0446184,0.227584,0.0162199,-0.0446184,-0.0446184,-0.0446184,-0.0446184,-0.0155016,0.0709292,0.0525618,0.261892,-0.0446184,0.0186662,0.111327,-0.0446184,-0.0446184,-0.0446184,-0.0446184,-0.0446184,-0.0446184,0.200209,-0.0446184,-0.0446184
-0.0303968,-0.0303968,0.0955503,-0.0303968,-0.0303968,-0.0303968,-0.0303968,-0.0303968,-0.0303968,-0.0303968,-0.0303968,0.136581,-0.0303968,-0.0303968,-0.0303968,-0.0303968,0.13744,0.270335,0.272856,-0.0303968,-0.0303968,-0.0303968,0,0.128712,-0.0303968,-0.0303968,0.231779,-0.000566165,-0.0303968,-0.0303968,-0.0303968,0.229203,-0.0303968,-0.0303968,-0.0303968,-0.00965898,-0.0303968,-0.0303968,-0.0303968,-0.0303968,-0.0303968,-0.0303968,-0.0303968,-0.0303968,-0.0303968,-0.0303968,-0.0303968,-0.0303968,-0.0303968,0.191494,-0.0303968,-0.0303968,-0.0303968,-0.0303968,0.153666,-0.0303968,-0.0303968,-0.0303968,-0.0303968,-0.0303968,-0.0303968,-0.0303968,-0.0303968,-0.0303968,-0.0303968,0.0929242,-0.0303968,-0.0303968,-0.0303968,-0.0303968,-0.0303968,-0.0303968,0.164159,0.162993,-0.0303968,-0.0303968,-0.0303968,-0.0303968,-0.0303968,-0.0303968,-0.0303968,-0.0303968,-0.0303968,-0.0303968,-0.0303968,-0.0303968,-0.0303968,-0.0303968,-0.0303968,-0.0303968,-0.0303968,-0.0303968,-0.0303968,-0.0303968,-0.0303968,-0.0303968,0.265462,-0.0303968,-0.0303968,-0.0303968
-0.0317195,-0.0317195,-0.0317195,0.254835,-0.0317195,-0.0317195,0.158503,-0.0317195,-0.0317195,-0.0317195,-0.0317195,-0.0317195,-0.0317195,-0.0317195,0.261678,-0.0317195,-0.0317195,-0.0317195,-0.0317195,0.0361965,-0.0317195,-0.0317195,-0.0317195,0,-0.0317195,-0.0317195,0.117614,-0.0317195,0.217426,-0.0317195,0.0241519,-0.0317195,0.0747474,0.161251,-0.0317195,-0.0317195,-0.0317195,-0.0317195,-0.0317195,-0.0317195,0.0491392,-0.0317195,-0.0317195,-0.0317195,-0.0317195,0.0653989,-0.0317195,-0.0317195,-0.0317195,-0.0317195,-0.0317195,-0.0317195,-0.0317195,0.0220998,-0.0317195,-0.0317195,-0.0317195,-0.0317195,-0.0317195,-0.0317195,-0.0317195,-0.0317195,-0.0317195,-0.0317195,-0.0317195,-0.0317195,-0.0317195,0.136303,-0.0317195,-0.0317195,-0.0317195,-0.0317195,-0.0317195,-0.0317195,-0.0317195,-0.0317195,-0.0317195,0.028405,0.185966,-0.0317195,-0.0317195,-0.0317195,0.1394,0.169467,-0.0317195,0.244106,-0.0317195,-0.0317195,0.168653,-0.0317195,-0.0317195,-0.0317195,-0.0317195,-0.0317195,-0.00950394,-0.0317195,-0.0317195,-0.0317195,-0.0317195,-0.0317195
-0.0460387,-0.0460387,0.041466,0.200904,-0.0460387,-0.0460387,-0.0460387,-0.0460387,-0.0460387,-0.0460387,-0.0460387,-0.0460387,0.138839,-0.0460387,-0.0460387,-0.0460387,-0.0460387,-0.0460387,-0.0460387,-0.0460387,0.208559,-0.0460387,0.132861,0.17449,0,-0.0460387,-0.0460387,-0.0460387,-0.0460387,-0.0460387,-0.0460387,-0.0460387,-0.0460387,-0.0460387,-0.0460387,-0.0460387,-0.0460387,-0.0460387,0.0497586,0.239174,-0.0460387,-0.0460387,-0.0460387,-0.0460387,-0.0460387,-0.0460387,-0.0460387,-0.0460387,-0.0460387,0.269877,-0.0460387,0.201533,-0.0460387,0.177484,-0.0460387,-0.0460387,-0.0460387,0.18266,-0.0460387,-0.0460387,-0.0460387,-0.0460387,-0.0460387,-0.0460387,-0.0460387,0.0532933,-0.0460387,0.122993,-0.0221107,0.0251198,-0.0460387,-0.0460387,0.251613,-0.0460387,-0.0460387,-0.0460387,0.0497974,-0.0460387,-0.0460387,-0.0460387,-0.0460387,-0.0460387,-0.0460387,-0.0460387,0.165474,-0.0460387,-0.0460387,0.0431259,0.17745,-0.0460387,0.0488791,-0.0460387,-0.0460387,0.192705,-0.0460387,0.238771,0.0421498,-0.0460387,-0.0460387,-0.0460387
-0.0469306,-0.0469306,0.205475,0.192777,-0.0469306,-0.0469306,-0.00541156,-0.0469306,-0.0469306,-0.0469306,-0.0469306,-0.0469306,-0.0469306,-0.0469306,0.0953404,-0.0469306,-0.0469306,-0.0469306,0.247528,0.156793,-0.0469306,-0.0469306,-0.0469306,-0.0469306,-0.00197193,0,-0.0469306,-0.0404434,-0.0469306,-0.0469306,-0.0469306,-0.0469306,-0.0469306,-0.0469306,-0.0469306,0.0415048,-0.0469306,-0.0469306,-0.0469306,0.212253,-0.0469306,-0.0469306,-0.0469306,0.104962,-0.0469306,-0.00159115,-0.0469306,-0.0469306,0.0977879,0.133379,-0.0469306,-0.0469306,0.0917735,0.104472,0.152819,0.208519,0.246647,-0.0469306,-0.0469306,-0.0469306,-0.0469306,-0.0469306,-0.0469306,-0.0469306,0.210702,-0.0469306,-0.0469306,-0.0469306,-0.0469306,-0.0469306,-0.0469306,-0.0244778,0.0552055,-0.0469306,-0.0469306,-0.0469306,-0.0469306,-0.0469306,0.0795569,0.0303142,0.222712,0.255221,0.158797,-0.0469306,-0.0469306,-0.0469306,-0.0469306,-0.0469306,-0.0469306,-0.0469306,-0.0469306,-0.0469306,-0.0469306,-0.0469306,0.101432,-0.0469306,-0.0469306,-0.0469306,-0.0469306,-0.0469306
0.101628,-0.0321645,-0.0321645,-0.0321645,-0.0321645,-0.0321645,-0.0321645,-0.0321645,0.185814,-0.0321645,-0.0321645,-0.0321645,-0.0321645,-0.0321645,-0.0321645,-0.0321645,-0.0321645,-0.0321645,-0.0321645,0.233195,-0.0321645,-0.0321645,0.257068,-0.0321645,-0.0321645,-0.0321645,0,-0.0321645,-0.0321645,0.0488609,-0.0321645,-0.0321645,-0.0321645,-0.0321645,-0.0321645,-0.0321645,-0.0321645,-0.0229037,-0.0321645,-0.0321645,-0.0321645,-0.0321645,-0.0321645,0.192416,-0.0321645,0.24762,-0.0321645,-0.0321645,-0.0321645,-0.0321645,-0.0321645,-0.0321645,-0.0321645,-0.0321645,-0.0321645,-0.0321645,-0.0321645,0.0725288,0.120007,-0.0321645,-0.0321645,-0.0321645,-0.0321645,0.168576,-0.0321645,-0.0321645,-0.0321645,-0.0321645,0.0342752,-0.0321645,-0.0321645,-0.0321645,-0.0321645,-0.0321645,-0.0321645,-0.0321645,-0.0321645,0.280649,-0.0321645,-0.0321645,-0.0321645,-0.0321645,0.00188072,-0.0321645,-0.0321645,-0.0321645,-0.0321645,0.203346,0.156872,-0.0321645,-0.0321645,-0.0321645,-0.0321645,-0.0321645,0.146412,-0.0321645,-0.0321645,-0.0321645,0.0764071,0.0685067
-0.0342629,0.160873,-0.0342629,-0.0342629,-0.0342629,0.211142,-0.0342629,-0.0342629,-0.0342629,0.221153,-0.0342629,-0.0342629,-0.0342629,-0.0342629,-0.0342629,-0.0342629,-0.0342629,-0.0147595,-0.0342629,-0.0342629,-0.0342629,-0.0342629,-0.0342629,0.267266,-0.0342629,-0.0342629,-0.0342629,0,0.244106,-0.0342629,-0.0342629,0.0149582,-0.0342629,0.0895011,-0.0342629,-0.0342629,-0.0342629,-0.0342629,0.161248,-0.0342629,-0.0342629,-0.0342629,-0.0342629,-0.0342629,-0.0342629,-0.0342629,-0.0342629,-0.0342629,-0.0342629,-0.0342629,-0.0342629,-0.0342629,-0.0342629,-0.0342629,0.144146,-0.0342629,-0.0342629,0.216376,-0.0342629,-0.0342629,0.168527,-0.0342629,0.219844,-0.0342629,-0.0342629,-0.0342629,-0.0342629,-0.0342629,-0.0342629,-0.0342629,-0.0342629,-0.0342629,-0.0342629,-0.0342629,-0.0342629,-0.0342629,0.174599,-0.0342629,-0.0342629,0.191586,-0.0342629,-0.0342629,-0.0342629,-0.0342629,-0.0342629,-0.0342629,-0.0342629,-0.0342629,0.0536942,-0.0342629,0.0132114,-0.0342629,-0.0342629,-0.0342629,-0.0342629,-0.0342629,0.237823,-0.0342629,-0.0342629,-0.0342629
-0.0367255,-0.0367255,-0.0367255,-0.0367255,-0.0367255,0.131787,-0.0367255,0.198686,-0.0367255,-0.0367255,-0.0367255,-0.0367255,-0.0367255,-0.0367255,-0.0367255,-0.0367255,-0.0367255,-0.0367255,-0.0367255,-0.0367255,0.0299787,-0.0367255,-0.0367255,-0.0367255,-0.0367255,0.128702,-0.0367255,0.200568,0,-0.0367255,-0.0367255,-0.0367255,-0.0367255,-0.0367255,-0.0367255,-0.0367255,-0.0367255,-0.0367255,-0.0367255,-0.0367255,0.0678,0.0803002,-0.0367255,-0.0367255,-0.0367255,0.122821,0.242003,0.18045,0.0672719,0.089735,-0.0367255,-0.0367255,-0.0367255,-0.0367255,-0.0367255,-0.0367255,0.0551176,-0.0367255,0.18089,-0.0367255,-0.0367255,-0.0367255,0.149067,-0.0367255,-0.0367255,-0.0367255,-0.0367255,-0.0367255,0.230834,-0.0186432,-0.0367255,-0.0367255,-0.0367255,-0.0367255,-0.0367255,-0.0367255,-0.0367255,-0.0367255,-0.0367255,-0.0367255,-0.00281908,0.0717453,-0.0367255,-0.0367255,-0.0367255,-0.0367255,-0.0367255,0.266967,0.088759,-0.0367255,-0.0367255,-0.0367255,0.265845,-0.0367255,-0.0367255,-0.0367255,-0.0367255,-0.0367255,-0.0367255,-0.0367255
-0.0302049,-0.0302049,-0.0302049,-0.0302049,0.181786,-0.0302049,-0.0302049,0.0874851,-0.0302049,-0.0302049,-0.0302049,-0.0302049,-0.0302049,-0.0302049,-0.0302049,0.229422,-0.0302049,-0.0302049,0.0228336,-0.0302049,-0.0302049,-0.0302049,-0.0302049,0.0648926,-0.0302049,0.174085,-0.0302049,-0.0302049,-0.0302049,0,-0.0302049,-0.0302049,0.0247327,0.0753797,-0.0302049,-0.0302049,-0.0302049,-0.0302049,0.0206463,-0.0302049,-0.0302049,-0.0302049,0.00534931,-0.0302049,0.150021,0.278503,0.13175,-0.0302049,-0.0302049,-0.0302049,-0.0302049,-0.0302049,-0.0302049,-0.0302049,-0.0302049,-0.0302049,-0.0302049,-0.0302049,-0.0302049,-0.0302049,-0.0302049,-0.0302049,-0.0302049,-0.0302049,-0.0302049,-0.0302049,-0.0302049,-0.0302049,-0.0302049,-0.00282238,-0.0302049,-0.0302049,-0.0302049,-0.0302049,-0.0302049,0.120451,-0.0302049,-0.0302049,-0.0302049,-0.0302049,-0.0302049,-0.0302049,-0.0302049,-0.0302049,-0.0302049,0.136673,-0.0302049,-0.0302049,-0.0302049,-0.0302049,-0.0302049,-0.0302049,-0.0302049,-0.0302049,0.155673,-0.0267895,-0.0302049,0.230949,0.220559,0.0744077
-0.0274385,-0.0274385,-0.0274385,-0.0274385,-0.0274385,-0.0274385,-0.0274385,-0.0274385,-0.0274385,0.0406563,-0.0274385,-0.0274385,-0.0274385,-0.0274385,-0.0274385,-0.0274385,0.164533,-0.0274385,-0.0274385,-0.0274385,-0.0274385,-0.0274385,-0.0274385,-0.0274385,0.0210541,0.255993,-0.0274385,-0.0274385,-0.0274385,-0.0274385,0,-0.0274385,-0.0274385,-0.0274385,-0.0274385,0.07936,-0.0274385,-0.0274385,0.189845,-0.0274385,-0.0274385,-0.0274385,0.101537,-0.0274385,-0.0274385,-0.0274385,-0.0274385,-0.0274385,-0.0274385,-0.0274385,-0.0274385,-0.0274385,-0.0274385,0.232868,-0.0274385,-0.0274385,-0.0274385,0.114466,-0.0274385,-0.0274385,-0.0274385,-0.0274385,0.116526,-0.0274385,-0.0274385,0.110677,-0.0274385,-0.0274385,-0.0274385,-0.0274385,-0.0274385,0.202099,-0.0274385,0.0589319,0.261896,-0.0274385,-0.0274385,-0.0274385,0.0992723,-0.0274385,0.000600124,0.0154944,-0.0274385,-0.0274385,-0.0274385,-0.0274385,-0.0274385,-0.0274385,-0.0274385,-0.0274385,-0.0274385,-0.0274385,-0.0274385,0.0900772,-0.0274385,-0.0274385,-0.0274385,-0.0274385,-0.0274385,0.0391932
0.239902,-0.00686653,0.222228,-0.0497221,-0.0497221,-0.0497221,0.232489,-0.0497221,-0.0497221,-0.0497221,-0.0497221,-0.0497221,-0.0497221,-0.0497221,-0.0497221,-0.0497221,-0.0497221,-0.0497221,-0.0497221,-0.0497221,-0.0497221,-0.0497221,0.260923,0.24188,0.0701254,-0.0497221,-0.0497221,0.154257,0.259463,-0.0497221,-0.0497221,0,-0.0497221,-0.0497221,-0.0497221,-0.0497221,-0.0497221,0.259808,-0.0497221,-0.0497221,-0.0497221,-0.0497221,-0.0497221,-0.0497221,0.258132,-0.0497221,-0.0497221,-0.0497221,-0.0497221,-0.0497221,-0.0497221,-0.0497221,-0.0497221,-0.0497221,-0.0497221,-0.0497221,-0.0497221,-0.0497221,-0.0497221,0.172001,-0.0497221,-0.0497221,-0.0497221,-0.0109956,-0.0497221,-0.0497221,-0.0497221,-0.0497221,-0.0497221,-0.0497221,0.178524,-0.0497221,0.219825,-0.0497221,-0.0497221,-0.0497221,0.0884695,-0.0497221,-0.0497221,0.235143,0.154625,-0.0497221,-0.0497221,-0.0497221,0.0807518,-0.0497221,0.0197103,0.184246,-0.0497221,-0.0497221,-0.0497221,-0.0497221,-0.0497221,-0.0497221,0.0449467,-0.0497221,-0.0497221,0.219288,-0.0497221,-0.0497221
-0.0329692,-0.0329692,-0.0329692,-0.0329692,-0.0329692,-0.0329692,0.0834186,-0.0329692,-0.0329692,-0.0329692,-0.0329692,-0.0329692,-0.0329692,-0.0329692,-0.0329692,-0.0329692,-0.0329692,-0.0329692,-0.0329692,-0.0329692,-0.0329692,-0.0329692,-0.0329692,-0.0329692,0.248981,-0.0329692,-0.0329692,-0.0329692,-0.0329692,0.0924876,0.0829207,-0.0329692,0,-0.0329692,-0.0329692,-0.0329692,-0.0329692,0.132014,-0.0329692,-0.0329692,-0.0329692,-0.0329692,-0.0329692,0.193306,-0.0329692,-0.0329692,-0.0329692,0.200572,-0.0329692,0.14401,-0.0329692,-0.0329692,-0.0329692,-0.0329692,-0.0329692,-0.0329692,0.104792,0.190811,-0.0329692,-0.0329692,0.17733,-0.0329692,-0.0329692,-0.0329692,-0.0329692,0.280766,0.235759,-0.0329692,-0.0329692,-0.0329692,-0.0329692,-0.0329692,-0.0329692,-0.0329692,-0.0329692,-0.0329692,-0.0329692,-0.0329692,-0.0329692,-0.0329692,0.00393793,-0.0329692,-0.0329692,-0.0329692,-0.0329692,0.224846,-0.0329692,-0.0329692,0.148129,-0.0329692,-0.0329692,-0.0329692,-0.0329692,-0.0329692,-0.0329692,-0.0329692,0.0726872,0.0537393,-0.0329692,-0.0329692
0.0179034,-0.0315955,-0.0315955,0.151089,-0.0315955,-0.0315955,0.0312281,0.0434244,-0.0315955,-0.0315955,-0.0315955,-0.0315955,-0.0315955,-0.0315955,-0.0315955,-0.0315955,-0.0315955,-0.0315955,-0.0315955,-0.0315955,-0.0315955,-0.0315955,0.196111,-0.0315955,-0.0315955,-0.0315955,-0.0315955,-0.0315955,-0.0315955,-0.0315955,-0.0315955,-0.0315955,-0.0315955,0,0.182476,-0.0315955,-0.0315955,-0.0315955,-0.0315955,0.121632,-0.0315955,0.0247434,-0.0315955,-0.0315955,-0.0315955,-0.0252731,-0.0315955,-0.0315955,-0.0315955,-0.0315955,-0.0315955,-0.0315955,-0.0315955,-0.0315955,0.0918291,0.107904,-0.0315955,-0.0315955,-0.0315955,-0.0315955,0.22325,-0.0315955,-0.0315955,-0.0315955,0.138607,-0.0315955,0.215633,-0.0315955,0.0225268,-0.0315955,-0.0315955,-0.0315955,-0.0315955,-0.0315955,-0.0315955,-0.0315955,-0.0315955,0.263531,-0.0315955,0.276271,0.0315426,-0.0315955,-0.0315955,0.0936117,-0.0315955,-0.0315955,-0.0315955,-0.0315955,-0.0315955,-0.0315955,-0.0315955,0.197115,-0.0315955,-0.0315955,-0.0315955,0.0592912,-0.0315955,-0.0315955,-0.0315955,-0.0315955
-0.0387743,-0.0387743,-0.0387743,0.199167,0.145587,-0.0387743,0.215065,-0.0387743,-0.0387743,-0.0387743,-0.0387743,-0.0387743,-0.0387743,0.100629,-0.0387743,-0.0387743,0.00272734,-0.0387743,-0.0387743,0.208178,-0.0387743,-0.0387743,-0.0387743,-0.0387743,-0.0387743,-0.0387743,-0.0387743,-0.0387743,-0.0387743,0.125597,-0.0387743,-0.0387743,0.269887,-0.0387743,0,-0.0387743,-0.0387743,-0.0387743,-0.0387743,0.175691,-0.0387743,-0.0387743,-0.0387743,0.234375,0.0119686,0.0615836,-0.0387743,-0.0387743,0.084142,-0.0387743,-0.0387743,-0.0387743,0.132661,0.0588841,-0.0387743,0.1887,-0.0387743,-0.0387743,-0.0387743,-0.0387743,-0.0387743,-0.0387743,0.221062,-0.0387743,-0.0387743,-0.0387743,-0.0387743,0.198698,-0.0387743,0.126775,-0.0387743,-0.0387743,-0.0387743,0.109404,-0.0387743,-0.0387743,-0.0387743,0.115537,-0.0387743,-0.0387743,-0.0387743,-0.0387743,-0.0387743,-0.0387743,-0.0387743,-0.0387743,-0.0387743,-0.0387743,-0.000697229,-0.0387743,-0.0387743,-0.0387743,-0.0387743,-0.0387743,-0.0387743,-0.0387743,-0.0387743,-0.0387743,-0.0387743,-0.0387743
-0.0312291,0.0701623,-0.0312291,-0.0312291,-0.0312291,-0.0312291,-0.0312291,0.16948,-0.0312291,-0.0312291,0.145954,-0.0312291,-0.0312291,-0.0312291,0.0295597,-0.0312291,-0.0312291,-0.0312291,0.236707,-0.0312291,0.260417,0.113192,-0.0312291,-0.0312291,-0.0312291,-0.0312291,-0.0312291,-0.0312291,-0.0312291,-0.0312291,-0.0312291,-0.0302669,-0.0312291,-0.0312291,0.139206,0,-0.0312291,-0.0312291,-0.0312291,-0.0312291,-0.0025545,-0.0312291,-0.0312291,-0.0312291,-0.0312291,-0.0312291,0.0566498,-0.0312291,0.0140281,-0.0312291,-0.0312291,-0.0312291,-0.0312291,-0.0312291,-0.0312291,-0.0312291,-0.0312291,-0.0312291,-0.0312291,-0.0312291,-0.0312291,0.123808,-0.0312291,-0.0312291,-0.0312291,-0.0312291,-0.0312291,-0.0312291,-0.0312291,-0.0312291,0.242955,-0.0312291,-0.0312291,-0.0312291,-0.0312291,0.153962,-0.0312291,-0.0312291,-0.0312291,-0.0312291,-0.0312291,-0.0312291,0.194064,-0.0312291,-0.0312291,0.221914,-0.0312291,-0.0312291,-0.0312291,0.114774,-0.0312291,-0.0312291,-0.0312291,0.244317,-0.0312291,-0.0312291,-0.0312291,-0.0312291,-0.0312291,-0.0312291
-0.0279094,-0.0279094,-0.0279094,-0.0279094,-0.0279094,-0.0279094,-0.0279094,0.158723,-0.0279094,-0.0279094,0.0225592,-0.0279094,-0.0279094,-0.0279094,-0.0279094,-0.0279094,0.0803803,-0.0279094,-0.0279094,0.00982194,-0.0279094,-0.0279094,-0.0279094,0.182593,-0.0279094,-0.0279094,-0.0279094,-0.0279094,0.00960201,-0.0279094,0.249593,-0.0279094,-0.0279094,-0.0279094,-0.0279094,-0.0279094,0,-0.0279094,-0.0279094,-0.0279094,-0.0279094,-0.0279094,-0.0279094,0.267737,-0.0279094,-0.0279094,-0.0279094,-0.0279094,-0.0279094,-0.0279094,-0.0279094,0.154272,-0.0279094,-0.0279094,-0.0279094,-0.0279094,-0.0279094,-0.0279094,-0.0279094,-0.0279094,0.268333,0.208105,-0.0279094,-0.0279094,-0.0279094,-0.0279094,-0.0279094,-0.0279094,-0.0279094,-0.0279094,-0.0279094,0.114965,-0.0279094,-0.0279094,0.0751846,-0.0102898,0.01419,-0.0279094,-0.0279094,0.287115,-0.0279094,-0.0279094,-0.0279094,-0.0279094,-0.0279094,-0.0279094,-0.0279094,-0.0279094,-0.0279094,-0.0279094,-0.0279094,-0.0279094,-0.0279094,0.19569,-0.0279094,-0.0279094,-0.0279094,-0.0279094,-0.0279094,-0.0279094
-0.0306629,-0.0306629,-0.0306629,-0.0306629,-0.0306629,-0.0261456,0.038847,-0.0306629,-0.0306629,0.0471494,0.0780735,0.168437,-0.00253996,-0.0306629,-0.0306629,-0.0306629,-0.0306629,-0.0306629,-0.0306629,-0.0306629,-0.0306629,-0.0306629,-0.0306629,-0.0306629,0.106039,-0.0306629,0.260966,-0.0306629,-0.0306629,-0.0306629,-0.0306629,-0.0306629,-0.0306629,-0.0306629,0.243387,-0.0306629,0.137525,0,0.191738,-0.0306629,-0.0306629,-0.0306629,-0.0306629,-0.0306629,0.103344,-0.0306629,-0.0306629,-0.0306629,-0.0306629,-0.0306629,0.184987,-0.0306629,-0.0306629,-0.0306629,-0.0306629,-0.0210279,-0.0306629,0.0281579,-0.0306629,-0.0306629,0.281558,-0.0306629,-0.0306629,-0.0306629,-0.0306629,-0.0306629,0.103702,0.125513,-0.0306629,-0.0306629,-0.0306629,-0.0306629,-0.0306629,-0.0306629,-0.0306629,-0.0306629,-0.0306629,-0.0306629,0.0285569,-0.0306629,-0.0306629,-0.0306629,-0.0306629,-0.0306629,-0.0306629,-0.0306629,-0.0306629,-0.0306629,-0.0306629,-0.0306629,-0.0306629,0.194047,0.119396,-0.0306629,-0.0306629,-0.0306629,-0.0306629,-0.0306629,-0.0306629,-0.0306629
-0.0250961,-0.0250961,-0.0250961,-0.0250961,-0.0250961,-0.0250961,-0.0250961,-0.0250961,-0.0250961,-0.0250961,-0.0250961,-0.0250961,0.092782,-0.0250961,-0.0250961,0.287025,-0.0250961,-0.0250961,-0.0250961,0.241082,-0.0250961,-0.0250961,-0.0250961,-0.0250961,-0.0250961,-0.0250961,0.182154,-0.0250961,-0.0250961,-0.0250961,-0.0250961,-0.0250961,0.037156,-0.0250961,-0.0250961,0.207207,-0.0250961,-0.0250961,0,-0.0250961,-0.0250961,-0.0250961,-0.0250961,-0.0250961,-0.0250961,0.004114,-0.0250961,-0.0250961,0.0967405,-0.0250961,-0.0250961,0.0350146,-0.0250961,-0.0250961,-0.0250961,-0.0250961,-0.0250961,0.27462,-0.0250961,-0.0250961,-0.0250961,-0.0250961,-0.0250961,0.0229921,-0.0250961,0.206166,-0.0250961,-0.0250961,-0.0250961,0.0119249,-0.0250961,-0.0250961,-0.0250961,-0.0250961,-0.0250961,-0.0250961,-0.0250961,-0.0250961,0.0951043,-0.0250961,-0.0250961,-0.0250961,-0.0250961,-0.0250961,-0.0250961,-0.0250961,-0.0250961,-0.0250961,-0.0250961,0.227715,0.0193853,-0.0250961,0.016695,-0.0250961,-0.0250961,-0.0250961,-0.0250961,-0.0250961,-0.0250961,-0.0250961
0.258485,-0.0357445,-0.0357445,-0.0357445,-0.0357445,-0.0126719,-0.0357445,-0.0357445,-0.0357445,-0.0357445,0.0723306,-0.0357445,-0.0357445,-0.0357445,-0.0357445,-0.0357445,0.15525,-0.0357445,-0.0357445,0.272191,-0.0357445,0.25122,-0.0357445,-0.0357445,-0.0357445,-0.0357445,-0.0357445,-0.0357445,-0.0357445,0.0969725,-0.0357445,-0.0357445,-0.0357445,0.262329,-0.0357445,-0.0357445,-0.0357445,0.155719,-0.0357445,0,-0.0357445,-0.0357445,0.207958,-0.0357445,-0.0357445,-0.0357445,-0.0357445,-0.0357445,-0.0357445,-0.0114424,-0.0357445,-0.0357445,-0.0357445,0.07946,0.115515,-0.0357445,-0.0357445,-0.0357445,-0.0357445,-0.0357445,-0.0357445,-0.0357445,-0.0357445,-0.0357445,-0.0357445,-0.0357445,-0.0357445,-0.0357445,-0.0357445,-0.0357445,-0.0357445,-0.0357445,0.10099,-0.0357445,-0.0357445,-0.0357445,-0.0357445,-0.0357445,-0.0357445,0.200934,-0.0357445,0.280138,0.248785,-0.0357445,0.0504463,-0.0357445,-0.0357445,-0.0357445,-0.0357445,-0.0357445,-0.0357445,-0.0357445,-0.0357445,-0.0357445,-0.0357445,-0.0357445,-0.0357445,-0.0357445,0.0749547,-0.0357445
0.202804,-0.0387449,0.0512913,-0.0387449,0.0494504,-0.0387449,-0.0387449,-0.0387449,0.149106,-0.0387449,-0.0387449,-0.0387449,0.184279,-0.0387449,-0.0387449,-0.0387449,-0.0109984,-0.0387449,-0.0387449,-0.0387449,-0.0387449,0.195622,-0.0387449,-0.0387449,-0.0387449,-0.0387449,-0.0387449,-0.0387449,-0.0387449,-0.0387449,-0.0387449,0.197283,-0.0387449,-0.0387449,-0.0387449,0.226756,-0.0387449,-0.0387449,-0.0387449,-0.0387449,0,-0.0387449,-0.0387449,-0.0387449,0.127699,0.121606,-0.0387449,-0.0387449,-0.0387449,0.116029,0.270675,-0.0387449,-0.0387449,-0.0387449,-0.0387449,-0.0387449,-0.0387449,-0.0387449,-0.0387449,-0.0387449,-0.0387449,0.0161044,-0.0387449,-0.0387449,-0.0387449,-0.0387449,-0.0387449,-0.0387449,0.080028,-0.0387449,-0.0387449,-0.0387449,-0.0387449,-0.0387449,0.0886924,-0.0387449,-0.0387449,-0.0387449,-0.0387449,-0.0387449,-0.0387449,-0.0387449,0.216459,-0.0387449,-0.0387449,-0.0387449,-0.0387449,-0.0387449,-0.0387449,-0.0387449,-0.0387449,0.223682,-0.0387449,-0.0387449,0.25285,-0.0387449,0.105416,0.157265,-0.0387449,-0.0387449
-0.0402065,0.200088,-0.012991,-0.0402065,-0.0402065,-0.0402065,0.24473,-0.0402065,-0.0402065,0.262408,-0.0402065,-0.0402065,-0.0402065,0.165235,-0.0402065,-0.0402065,-0.0402065,-0.0402065,-0.0402065,-0.0402065,-0.0402065,-0.0402065,-0.0402065,-0.0402065,-0.0402065,0.1179,-0.0402065,-0.0402065,-0.0402065,-0.0402065,-0.0402065,-0.0402065,-0.0402065,-0.0402065,0.256383,-0.0402065,-0.0402065,-0.0402065,0.192494,-0.0402065,-0.0376059,0,-0.0402065,-0.0402065,0.0498732,-0.0402065,-0.0402065,-0.0402065,-0.0402065,-0.0402065,-0.0402065,-0.0402065,0.262473,0.181637,-0.0402065,-0.0402065,-0.0402065,0.0335515,-0.0402065,-0.0402065,-0.0402065,-0.0402065,-0.0402065,-0.0402065,0.0807675,-0.0402065,-0.0402065,-0.0402065,0.219549,-0.0402065,-0.0402065,-0.0402065,-0.0402065,-0.0402065,0.226006,0.21399,-0.0402065,0.0776657,0.253552,0.0020423,-0.0402065,-0.0402065,-0.0402065,-0.0402065,-0.0402065,0.0776992,-0.0402065,-0.0165361,-0.0402065,-0.0402065,-0.0402065,-0.0402065,-0.0402065,-0.0402065,-0.0402065,-0.0402065,0.00477804,-0.0402065,-0.0402065,-0.0402065
-0.0385432,-0.0385432,-0.0385432,-0.0385432,-0.0385432,-0.0385432,-0.0385432,0.114125,0.242421,0.248895,-0.0385432,0.267935,-0.0385432,0.260902,-0.0385432,-0.0385432,-0.0385432,-0.0385432,0.128376,-0.0385432,0.217503,0.180205,-0.0385432,-0.0385432,-0.0385432,-0.0385432,-0.0385432,-0.0385432,-0.0385432,-0.0385432,-0.0385432,-0.0385432,0.00835995,-0.0385432,0.208452,0.170492,-0.0385432,-0.0385432,-0.0385432,-0.0385432,-0.0385432,-0.0385432,0,0.244575,-0.0385432,-0.0385432,-0.0385432,-0.0385432,-0.0385432,-0.0385432,-0.0385432,0.15766,-0.0385432,-0.0365566,-0.0385432,-0.0385432,-0.0385432,-0.0385432,-0.0385432,-0.0385432,-0.0385432,0.2023,-0.0385432,-0.0385432,-0.0385432,-0.0385432,0.12345,-0.0385432,-0.0385432,-0.0385432,-0.0385432,-0.0385432,-0.0385432,-0.0385432,-0.0385432,-0.0385432,-0.0385432,-0.0385432,-0.0385432,-0.0385432,0.112414,-0.0385432,-0.0385432,-0.0385432,-0.0385432,-0.0385432,-0.0385432,-0.0282053,-0.0385432,-0.0385432,-0.0385432,-0.0385432,-0.0385432,-0.0385432,-0.0385432,-0.0385432,-0.0385432,-0.0385432,0.26015,-0.0385432
-0.0124058,-0.0124058,-0.0124058,-0.0124058,-0.0124058,-0.00371739,-0.0124058,-0.0124058,-0.0124058,-0.0124058,-0.0124058,-0.0124058,-0.0124058,0.00658545,-0.0124058,-0.0124058,-0.0124058,-0.0124058,-0.0124058,-0.0124058,-0.0124058,-0.0124058,-0.0124058,-0.0124058,-0.0124058,-0.0124058,-0.0124058,-0.0124058,-0.0124058,-0.0124058,-0.0124058,0.179486,-0.0124058,-0.0124058,-0.0124058,-0.0124058,-0.0124058,-0.0124058,-0.0124058,-0.0124058,-0.0124058,-0.0124058,-0.0124058,0,-0.0124058,-0.0124058,-0.0124058,-0.0124058,-0.0124058,-0.0124058,-0.0124058,-0.0124058,-0.0124058,-0.0124058,-0.0124058,-0.0124058,-0.0124058,-0.0124058,-0.0124058,0.291701,-0.0124058,-0.0124058,-0.0124058,-0.0124058,0.0433115,-0.0124058,-0.0124058,-0.0124058,-0.0124058,0.16097,-0.0124058,-0.0124058,-0.0124058,-0.0124058,-0.0124058,-0.0124058,-0.0124058,-0.0124058,-0.0124058,-0.0124058,-0.0124058,-0.0124058,-0.0124058,-0.0124058,-0.0124058,0.269796,-0.0124058,0.180798,-0.0124058,-0.0124058,-0.0124058,-0.0124058,-0.0124058,-0.0124058,-0.0124058,-0.0124058,-0.0124058,-0.0124058,-0.0124058,-0.0124058
-0.0292013,-0.0292013,0.0476181,-0.0292013,-0.0292013,-0.0292013,-0.0292013,-0.0292013,-0.0292013,0.0895678,-0.0292013,-0.0292013,-0.0292013,-0.0292013,-0.0292013,-0.0292013,-0.0292013,-0.0292013,-0.0292013,0.133485,-0.0292013,0.241833,-0.0292013,-0.0292013,-0.0292013,-0.0292013,-0.0292013,-0.0197338,-0.0292013,-0.0292013,-0.0292013,-0.0292013,0.247143,-0.0292013,-0.0292013,-0.0292013,-0.0292013,-0.0292013,-0.0292013,-0.0292013,0.208486,-0.0292013,-0.0292013,-0.0292013,0,0.0725324,-0.0292013,0.052471,-0.0292013,0.00731886,-0.0292013,-0.0292013,-0.0292013,-0.0292013,-0.0292013,-0.0292013,-0.0292013,-0.0292013,-0.0292013,-0.0292013,-0.0292013,0.194796,-0.0292013,0.136806,-0.0292013,-0.0292013,-0.0292013,-0.0292013,-0.0292013,-0.0292013,-0.016233,-0.0292013,-0.0292013,-0.0292013,-0.0292013,-0.0292013,-0.0292013,0.218678,-0.0292013,-0.0292013,0.0366882,-0.0292013,-0.0292013,-0.0292013,-0.0292013,0.0156255,0.282748,0.112427,-0.0292013,-0.0292013,-0.0292013,-0.0292013,-0.0292013,-0.0292013,-0.0292013,-0.0292013,-0.0292013,0.27385,-0.0292013,-0.0292013
-0.0239421,0.148976,-0.0239421,-0.0239421,-0.0239421,-0.0239421,-0.0239421,-0.0239421,-0.0239421,-0.0239421,-0.0239421,0.284906,-0.0239421,-0.0239421,-0.0239421,-0.0239421,-0.0239421,-0.0239421,-0.0239421,-0.0239421,-0.0239421,-0.0239421,-0.0239421,-0.0239421,-0.0239421,-0.0239421,-0.0239421,-0.0239421,-0.0239421,-0.0239421,-0.0239421,-0.0239421,-0.0239421,-0.0239421,-0.0239421,-0.0239421,0.250254,-0.0239421,-0.0239421,0.110047,-0.0239421,-0.0239421,-0.0239421,-0.0239421,-0.0239421,0,0.227229,-0.0239421,-0.0239421,-0.0239421,-0.0239421,-0.0239421,-0.0159457,-0.0239421,-0.0239421,-0.0239421,-0.0239421,-0.0239421,-0.0239421,-0.0239421,-0.0239421,-0.0239421,-0.0239421,-0.0239421,0.201847,-0.0239421,-0.0239421,-0.0239421,0.0384418,-0.0239421,-0.0239421,-0.0239421,-0.0239421,0.026538,-0.0239421,-0.0239421,-0.0239421,-0.0239421,0.18759,-0.0239421,0.115167,-0.0239421,-0.0239421,0.248128,-0.0239421,0.110131,-0.0239421,-0.0239421,0.101766,-0.0239421,-0.0239421,-0.0239421,-0.0239421,-0.0239421,-0.0239421,-0.0239421,-0.0239421,-0.0239421,-0.0239421,-0.0239421
-0.0290176,0.237598,-0.0290176,-0.0290176,-0.0290176,-0.0290176,-0.0290176,-0.0290176,-0.0290176,-0.0290176,-0.0290176,-0.0290176,-0.0290176,-0.0290176,-0.0290176,-0.0290176,-0.0290176,-0.0290176,-0.0290176,-0.0290176,-0.0290176,-0.0290176,-0.0290176,-0.0290176,0.144933,-0.0290176,-0.0290176,-0.0290176,-0.0290176,-0.0290176,-0.0290176,0.0535811,-0.0290176,-0.0290176,-0.0290176,-0.0236816,-0.0290176,-0.0121537,-0.0290176,-0.0290176,-0.0290176,-0.0290176,-0.0290176,-0.0290176,-0.0290176,-0.0290176,0,-0.0290176,-0.0290176,-0.0290176,-0.0290176,-0.0290176,-0.0290176,-0.0290176,-0.0290176,-0.0290176,-0.0290176,-0.0290176,-0.0290176,-0.0290176,-0.0290176,0.237879,0.123716,-0.0290176,0.1536,-0.0290176,0.145805,-0.0290176,-0.0290176,-0.0290176,-0.0290176,-0.0290176,-0.0290176,0.184713,-0.0290176,-0.0290176,0.0664494,0.19497,-0.0290176,-0.0290176,0.243957,-0.0290176,-0.0290176,-0.0290176,0.230453,-0.0290176,0.16146,-0.0290176,-0.0290176,-0.0290176,-0.0290176,-0.0290176,0.264482,-0.0290176,-0.0283207,-0.0290176,-0.0290176,-0.0290176,-0.0290176,-0.0290176
-0.0242128,-0.0242128,-0.0242128,0.173276,-0.0242128,0.11398,-0.0242128,-0.0242128,-0.0242128,-0.0242128,0.231731,-0.0242128,-0.0242128,-0.0242128,-0.0242128,-0.0242128,-0.0242128,-0.0242128,-0.0242128,-0.0242128,-0.0242128,-0.0242128,-0.0242128,-0.0242128,-0.0242128,-0.0242128,-0.0242128,-0.0242128,-0.0242128,-0.0242128,-0.0242128,-0.0242128,-0.0242128,-0.0242128,-0.0242128,-0.0242128,-0.0242128,0.221887,-0.0242128,-0.0242128,-0.0242128,-0.0242128,-0.0242128,0.228409,-0.0242128,-0.0242128,-0.0242128,0,-0.0242128,-0.0242128,-0.0242128,-0.0242128,-0.0242128,-0.0242128,0.182833,-0.0242128,-0.0242128,-0.0242128,-0.0242128,-0.0242128,-0.0242128,-0.0242128,0.228888,-0.0242128,0.0135967,-0.0242128,-0.0242128,-0.0242128,-0.0242128,-0.0242128,-0.0242128,-0.0242128,-0.0242128,-0.0242128,-0.0242128,-0.0242128,0.108202,-0.0242128,0.0491681,-0.0242128,0.168908,-0.0242128,-0.0242128,-0.0242128,-0.0242128,-0.0242128,-0.0242128,-0.0242128,-0.0242128,-0.0242128,-0.0242128,-0.0242128,-0.0242128,-0.0242128,0.104414,-0.0242128,-0.0242128,-0.0242128,-0.0242128,0.257004
-0.0390391,0.251107,-0.0390391,-0.0390391,-0.0390391,0.0586219,-0.0390391,-0.0390391,-0.0335376,-0.0390391,-0.0390391,-0.0390391,-0.0390391,-0.0390391,0.157133,-0.0390391,0.202724,-0.0390391,-0.0390391,-0.0390391,-0.0390391,-0.0390391,-0.0390391,0.204106,-0.0390391,0.0505185,0.183295,0.0898787,-0.0390391,-0.0390391,-0.0390391,-0.0390391,0.191867,-0.0390391,-0.0390391,-0.0390391,-0.0390391,-0.0390391,-0.0390391,-0.0390391,-0.0390391,0.0157006,-0.0390391,0.0996656,-0.0390391,-0.0390391,-0.0390391,0.0214037,0,0.0483002,-0.0390391,-0.0390391,-0.0390391,-0.0390391,-0.0390391,-0.0390391,0.139392,-0.0390391,-0.0390391,-0.0390391,-0.0390391,-0.0390391,0.124935,-0.0390391,0.179918,-0.0390391,-0.0390391,-0.0390391,-0.0388566,-0.0390391,0.26344,0.0604196,-0.0390391,-0.0390391,-0.0390391,-0.0390391,0.267446,-0.0390391,-0.0390391,-0.0390391,-0.0390391,-0.0390391,0.0884457,-0.0390391,-0.0390391,-0.0390391,-0.0390391,-0.0390391,-0.0390391,-0.0390391,-0.0390391,-0.0390391,0.222313,-0.0390391,0.0745812,-0.0390391,-0.0390391,-0.0390391,-0.0390391,-0.0339248
-0.0442042,-0.0442042,0.00136774,-0.0442042,0.124156,0.169632,-0.0442042,-0.0442042,-0.0442042,0.0351211,-0.0442042,-0.0442042,-0.0442042,-0.0442042,-0.0442042,-0.0442042,-0.0442042,-0.0442042,-0.0442042,-0.0442042,0.150359,-0.0442042,-0.0442042,-0.0442042,-0.0442042,-0.0442042,-0.0442042,0.200931,-0.0442042,-0.0442042,-0.0442042,-0.0442042,-0.0442042,0.170594,-0.0442042,-0.0442042,0.176438,-0.0442042,-0.0442042,-0.0442042,-0.0442042,0.151649,0.127935,-0.0442042,0.213724,-0.0442042,0.112607,-0.0442042,-0.0442042,0,0.043853,-0.0442042,-0.0442042,-0.0442042,0.251527,-0.0442042,0.0305502,-0.0442042,0.26762,0.223582,0.156037,-0.0345748,-0.0442042,0.132699,-0.0442042,-0.0442042,-0.0442042,-0.0442042,-0.0442042,-0.00285862,-0.0442042,-0.0442042,0.00963686,-0.0283371,-0.0442042,-0.0442042,0.205692,-0.0442042,0.0160465,-0.0442042,-0.0442042,0.185264,-0.0442042,-0.0442042,-0.0442042,-0.0442042,-0.0442042,-0.0442042,-0.0442042,-0.0442042,-0.0442042,-0.0442042,-0.0442042,-0.0224989,-0.0442042,-0.0442042,-0.0442042,-0.0442042,0.0697459,-0.0442042
-0.033062,-0.033062,-0.033062,-0.033062,-0.033062,0.0175613,-0.033062,-0.033062,-0.033062,0.0494358,-0.033062,-0.033062,-0.033062,-0.033062,0.0747517,-0.033062,-0.033062,-0.033062,-0.033062,-0.033062,-0.033062,-0.033062,-0.033062,0.235956,-0.033062,-0.033062,-0.033062,-0.033062,-0.033062,0.21055,-0.033062,0.1366,-0.033062,-0.033062,-0.033062,-0.033062,-0.033062,-0.033062,0.26481,-0.033062,0.170485,-0.033062,-0.033062,-0.033062,-0.033062,0.0391384,-0.033062,-0.033062,0.119065,0.0134636,0,-0.033062,-0.033062,-0.033062,-0.033062,-0.0275089,-0.033062,-0.033062,-0.033062,-0.033062,-0.033062,-0.033062,-0.033062,0.120191,0.21609,-0.033062,-0.033062,-0.033062,0.244136,-0.033062,0.00485659,0.22779,-0.033062,-0.033062,-0.033062,-0.033062,-0.033062,-0.033062,-0.033062,-0.033062,-0.033062,-0.033062,0.0276187,-0.033062,-0.033062,-0.033062,-0.033062,-0.033062,-0.033062,0.155952,-0.033062,-0.0242898,-0.033062,0.0184014,-0.033062,0.250725,-0.033062,-0.033062,-0.033062,-0.033062
-0.0174168,-0.0174168,-0.0174168,0.0235114,-0.0174168,-0.0174168,-0.0174168,-0.0174168,-0.0174168,-0.0174168,-0.0174168,-0.0174168,-0.0174168,-0.0174168,-0.0174168,-0.0174168,-0.0174168,-0.0174168,0.214709,-0.0174168,-0.0174168,-0.0174168,-0.0174168,0.149999,-0.0174168,-0.0174168,-0.0174168,0.247359,-0.0174168,-0.0174168,0.212949,-0.0174168,-0.0174168,0.158036,-0.0174168,-0.0174168,0.116639,-0.0174168,-0.0174168,0.143869,-0.0174168,-0.0174168,-0.0174168,-0.0174168,0.00565638,-0.0174168,-0.0174168,-0.0174168,-0.0174168,0.105309,-0.0174168,0,-0.0174168,-0.0174168,-0.0174168,-0.0174168,0.0428014,-0.0174168,-0.0174168,-0.0174168,-0.0174168,-0.0174168,-0.0174168,-0.0174168,-0.0174168,-0.0174168,0.0944227,-0.0174168,-0.0174168,-0.0174168,-0.0174168,-0.0174168,-0.0174168,-0.0174168,-0.0174168,-0.0174168,-0.0174168,-0.0174168,-0.0174168,-0.0174168,-0.0174168,-0.0174168,-0.0174168,-0.0174168,-0.0174168,-0.0174168,-0.0174168,-0.0174168,-0.0174168,-0.0174168,-0.0174168,-0.0174168,-0.0174168,-0.0174168,-0.0174168,-0.0174168,-0.0174168,-0.0174168,-0.0174168,-0.0174168
-0.028965,-0.028965,-0.028965,-0.028965,-0.0182898,-0.028965,0.237209,-0.028965,-0.028965,0.0910496,-0.028965,-0.028965,-0.028965,-0.028965,-0.028965,-0.028965,-0.028965,-0.028965,-0.028965,-0.028965,-0.028965,0.104247,-0.028965,-0.028965,-0.028965,-0.028965,-0.028965,-0.028965,-0.028965,-0.028965,0.106379,-0.028965,-0.028965,0.106536,0.240768,-0.028965,-0.028965,0.000937294,0.283765,-0.028965,-0.028965,-0.028965,-0.028965,-0.028965,-0.028965,-0.028965,-0.028965,-0.028965,-0.028965,-0.028965,0.133839,-0.028965,0,-0.028965,-0.028965,-0.028965,-0.028965,-0.028965,-0.028965,-0.028965,0.149787,-0.028965,-0.028965,-0.028965,-0.028965,-0.028965,0.195884,-0.028965,-0.028965,0.135103,-0.028965,-0.028965,-0.028965,-0.028965,0.0425013,0.141566,0.0358302,-0.028965,-0.028965,-0.028965,-0.028965,-0.028965,-0.028965,-0.028965,-0.028965,0.0964729,-0.028965,-0.028965,-0.028965,0.257321,-0.028965,-0.028965,-0.028965,-0.028965,-0.023948,-0.028965,-0.028965,-0.028965,-0.028965,-0.0287216
-0.0455016,-0.0455016,-0.0455016,-0.0455016,-0.0455016,-0.0455016,-0.0455016,-0.0455016,-0.0455016,0.181878,-0.0455016,-0.0455016,-0.0455016,-0.0455016,-0.0455016,-0.0455016,-0.0455016,-0.0455016,-0.0450636,-0.0455016,0.12689,-0.0455016,0.0334823,0.0986752,0.265105,-0.0455016,-0.0455016,-0.0455016,-0.0455016,-0.0455016,-0.0455016,-0.0455016,-0.0455016,-0.0455016,0.146798,-0.0455016,-0.0455016,-0.0455016,-0.0455016,-0.0455016,-0.0455016,-0.0455016,-0.0455016,-0.0455016,-0.0455016,-0.0455016,0.07863,-0.0455016,-0.0455016,-0.0455016,0.262715,-0.0455016,0.209153,0,-0.0455016,-0.0455016,-0.0455016,-0.0455016,0.0469297,-0.0455016,0.0851308,0.149537,0.188057,-0.0455016,0.266343,-0.0455016,-0.0455016,-0.0455016,0.104632,-0.0455016,0.154085,-0.0455016,-0.0455016,-0.0455016,-0.0455016,0.00535161,-0.0455016,-0.0455016,0.0688409,-0.0455016,0.155079,-0.0455016,0.222494,-0.0455016,-0.0455016,-0.0455016,-0.0455016,0.153471,-0.0455016,-0.0455016,0.121474,-0.0455016,-0.0455016,-0.0455016,0.221934,0.0654959,-0.0455016,-0.0455016,-0.0455016,-0.0455016
-0.0292543,0.162453,-0.0292543,0.0138734,-0.0292543,-0.0292543,-0.0292543,-0.0292543,-0.0292543,-0.0292543,-0.0292543,-0.0292543,-0.0292543,-0.0292543,-0.0292543,-0.0292543,-0.0292543,-0.0292543,-0.0292543,-0.0292543,-0.0292543,-0.0292543,-0.0292543,-0.0292543,-0.0292543,-0.0292543,-0.0292543,-0.0292543,-0.0292543,0.0985881,-0.0292543,-0.0292543,-0.0292543,-0.0292543,-0.0292543,-0.0292543,-0.0292543,-0.0292543,0.246996,-0.0292543,-0.0292543,-0.0292543,0.0295272,-0.0292543,0.252701,0.176557,-0.0292543,-0.0159277,-0.0292543,-0.0292543,-0.0292543,0.0442861,-0.0292543,-0.0292543,0,-0.0112957,-0.0292543,-0.0292543,-0.0292543,-0.0292543,-0.0292543,-0.0292543,-0.0292543,-0.0292543,-0.0292543,-0.0292543,-0.012196,-0.0292543,-0.0292543,-0.0292543,0.146483,0.0982969,-0.0292543,-0.0292543,-0.0292543,-0.0292543,-0.0292543,0.263386,-0.0292543,-0.0292543,-0.0292543,-0.0292543,0.0432918,-0.0292543,-0.0292543,0.0344036,-0.0292543,-0.0292543,-0.0292543,-0.0292543,0.272838,-0.0292543,-0.0292543,0.221455,-0.0292543,-0.0292543,0.274626,-0.0292543,-0.0292543,-0.0292543
-0.0372782,-0.0372782,-0.0372782,0.125665,-0.0372782,-0.0372782,-0.0372782,-0.0372782,0.21952,-0.0372782,-0.0372782,-0.0372782,-0.0372782,-0.0372782,-0.0372782,-0.00361995,-0.0372782,0.0138339,0.217138,0.199191,-0.0372782,0.143199,-0.0372782,-0.0372782,-0.0372782,0.0760223,-0.0372782,0.26524,-0.0372782,-0.0372782,0.218635,-0.0372782,-0.0372782,-0.0372782,-0.0372782,0.214771,-0.0372782,-0.0372782,-0.0372782,-0.0372782,-0.0372782,-0.0372782,-0.0372782,-0.0372782,-0.0372782,0.0397932,-0.0372782,-0.0372782,-0.0372782,0.0993159,-0.0372782,-0.0372782,-0.0372782,-0.0372782,-0.0372782,0,0.27719,-0.0372782,-0.0372782,-0.0372782,-0.0372782,-0.0372782,-0.0372782,-0.0372782,0.224271,-0.0372782,-0.0372782,-0.0372782,-0.0372782,-0.0372782,-0.0372782,-0.0372782,-0.0372782,0.0155884,-0.0372782,-0.0372782,-0.0372782,-0.0372782,0.203301,-0.0372782,-0.0372782,-0.0372782,-0.0372782,-0.0372782,-0.0372782,-0.0372782,-0.0372782,-0.0372782,-0.0372782,0.24582,-0.0372782,0.0993801,-0.0372782,0.0353026,-0.0372782,-0.0372782,-0.0372782,-0.0218621,-0.0372782,-0.0372782
-0.0402325,0.184676,-0.0402325,0.261474,-0.0402325,0.224213,-0.0402325,-0.0402325,-0.0402325,-0.0402325,-0.0402325,-0.0402325,-0.0402325,-0.0402325,0.236174,-0.0402325,-0.0402325,0.0598872,-0.0402325,-0.0402325,-0.0402325,-0.0402325,-0.0402325,-0.0402325,-0.0402325,-0.0402325,-0.0402325,-0.0402325,-0.0402325,-0.0402325,-0.0402325,-0.0402325,-0.0402325,-0.0402325,-0.0402325,-0.0402325,-0.0402325,-0.0402325,-0.0402325,-0.0402325,-0.0402325,0.100458,0.123105,-0.0402325,-0.0402325,0.0910135,0.214974,-0.0402325,-0.0402325,-0.0402325,-0.0402325,-0.0402325,-0.0402325,-0.0402325,0.257966,-0.0402325,0,-0.0402325,-0.0402325,0.0391951,-0.0402325,-0.0402325,-0.0402325,0.0160071,0.00133,0.209789,0.127608,-0.00858682,-0.0402325,-0.0402325,-0.0402325,-0.0402325,-0.0402325,0.167093,0.192469,-0.0402325,-0.0402325,-0.0402325,0.0732816,-0.0402325,-0.0402325,-0.0402325,-0.0402325,0.113663,-0.0402325,-0.0402325,-0.0402325,-0.0402325,-0.0402325,0.00192413,0.0985715,-0.0402325,-0.0402325,-0.0402325,-0.0402325,-0.0402325,-0.0402325,-0.0402325,0.271387,-0.0402325
-0.0224784,0.212868,-0.0224784,-0.0224784,-0.0224784,-0.0224784,-0.0224784,-0.0224784,-0.0224784,-0.0224784,0.164521,-0.0224784,-0.0224784,-0.0224784,-0.0224784,-0.019903,-0.0224784,-0.0224784,-0.0224784,-0.0224784,-0.0224784,0.164485,0.123535,-0.0224784,-0.0224784,-0.0224784,-0.0224784,-0.0224784,-0.0224784,-0.0224784,-0.0224784,-0.0224784,-0.0224784,-0.0224784,-0.0224784,-0.0224784,0.247413,-0.0224784,-0.0224784,-0.0224784,0.153081,-0.0224784,-0.0224784,-0.0224784,-0.0224784,-0.0224784,0.268683,0.116894,-0.0224784,-0.0224784,-0.0224784,-0.0224784,-0.0224784,-0.0224784,-0.0224784,-0.0224784,-0.0224784,0,-0.0224784,-0.0224784,-0.0224784,-0.0224784,-0.0224784,-0.0224784,0.0994522,-0.0224784,-0.0224784,-0.0224784,-0.0224784,-0.0224784,-0.0224784,-0.0224784,0.056343,-0.0224784,-0.0224784,-0.0224784,-0.0224784,-0.0224784,-0.0224784,-0.0224784,-0.0224784,-0.0224784,-0.0224784,-0.0224784,-0.0224784,-0.0224784,-0.0224784,-0.0224784,-0.0224784,-0.0224784,0.150507,-0.0224784,-0.0224784,-0.0224784,-0.0224784,-0.0224784,-0.0224784,-0.0224784,-0.0224784,0.195262
-0.0195396,-0.0195396,-0.0195396,-0.0195396,-0.0195396,-0.0195396,-0.0195396,-0.0195396,0.0133297,-0.0195396,-0.0195396,0.169553,-0.0195396,-0.0195396,-0.0195396,-0.0195396,-0.0195396,0.175625,0.164851,-0.0195396,-0.0195396,-0.0195396,-0.0195396,0.294874,-0.0195396,-0.0195396,-0.0195396,-0.0195396,-0.0195396,-0.0195396,-0.0195396,-0.0195396,-0.0195396,0.0777306,0.0438863,-0.0195396,-0.0195396,-0.0195396,-0.0195396,-0.0195396,0.178896,-0.0195396,-0.0195396,0.10083,-0.0195396,-0.0195396,-0.0195396,-0.0195396,-0.0195396,0.293645,-0.0195396,-0.0195396,-0.0195396,0.144482,-0.0195396,-0.0195396,-0.0195396,-0.0195396,0,-0.0195396,-0.0195396,-0.0195396,-0.0195396,-0.0195396,-0.0195396,-0.0195396,-0.0195396,-0.0195396,-0.0195396,-0.0195396,-0.0195396,-0.0195396,-0.0195396,-0.0195396,-0.0195396,0.0422427,-0.0195396,-0.0195396,-0.0195396,-0.0195396,-0.0195396,-0.0195396,-0.0195396,-0.0195396,-0.0195396,-0.0195396,-0.0195396,-0.0195396,-0.0195396,-0.0195396,-0.0195396,-0.0195396,-0.0195396,-0.0195396,-0.0195396,-0.0195396,-0.0195396,-0.0195396,-0.0195396,-0.0195396
-0.040127,-0.040127,-0.040127,-0.040127,-0.040127,0.12569,-0.040127,-0.040127,-0.040127,-0.040127,-0.040127,-0.040127,0.114627,-0.040127,0.186195,-0.040127,-0.040127,-0.040127,0.211672,-0.040127,-0.040127,-0.040127,0.273529,-0.040127,0.0985341,-0.040127,-0.040127,-0.040127,-0.040127,-0.040127,-0.040127,0.0106602,-0.040127,-0.040127,-0.040127,0.131607,0.236985,-0.040127,-0.040127,-0.040127,0.226505,-0.00756193,-0.040127,-0.000980128,-0.040127,-0.040127,-0.040127,-0.040127,-0.040127,0.00319005,-0.040127,-0.040127,-0.040127,0.0865423,0.195985,-0.040127,-0.040127,-0.040127,-0.040127,0,0.273413,-0.040127,-0.040127,0.264841,-0.040127,-0.040127,-0.040127,-0.040127,-0.040127,-0.040127,0.00541842,0.273016,-0.040127,-0.0287282,-0.040127,-0.040127,-0.040127,-0.040127,-0.040127,-0.040127,-0.040127,0.261591,-0.040127,-0.040127,-0.040127,-0.040127,-0.040127,-0.040127,0.0200349,0.0181764,-0.040127,-0.040127,-0.040127,-0.040127,-0.040127,0.02858,-0.040127,-0.040127,-0.040127,-0.040127
-0.0470572,-0.0470572,-0.0470572,0.219715,-0.0470572,-0.0470572,-0.0470572,-0.0470572,-0.0470572,0.091561,0.0447149,-0.0470572,0.101934,-0.0470572,-0.0470572,-0.00456425,-0.0470572,-0.0470572,-0.0470572,-0.0470572,-0.0470572,-0.0470572,-0.0470572,0.165623,-0.0470572,0.218708,0.0525551,-0.0470572,-0.0470572,-0.0470572,-0.0470572,-0.0470572,-0.0470572,-0.0470572,-0.0470572,-0.0470572,-0.0470572,-0.0470572,0.269092,0.0894593,0.129078,0.267437,0.11768,-0.0470572,-0.0470572,-0.0470572,0.236667,0.159713,0.113847,-0.0470572,-0.0470572,-0.0470572,0.128184,-0.0470572,-0.0470572,-0.0470572,-0.0470572,-0.0264015,-0.0470572,-0.0279709,0,-0.0470572,-0.0470572,0.0846376,0.199329,-0.0470572,-0.0470572,0.176124,-0.0470572,-0.0470572,0.0252668,-0.0470572,-0.0470572,-0.0265535,-0.0470572,-0.0470572,-0.0470572,-0.0470572,-0.0470572,-0.0470572,0.148049,-0.0470572,0.000541163,-0.0470572,-0.0470572,-0.0470572,-0.0470572,-0.0470572,-0.0470572,-0.0470572,-0.0470572,-0.0470572,-0.0470572,-0.0470572,-0.0470572,0.247881,-0.0470572,-0.0470572,-0.0470572,0.138758
-0.0311088,-0.0311088,-0.0311088,-0.0311088,-0.0311088,-0.0311088,0.186418,-0.0311088,-0.0311088,-0.0311088,-0.0311088,-0.00203513,-0.0311088,-0.0311088,-0.0311088,-0.0311088,-0.0311088,0.141519,-0.0311088,-0.0311088,-0.0311088,-0.0311088,-0.0311088,-0.0311088,-0.0311088,0.261035,-0.0311088,-0.0311088,-0.0311088,-0.0311088,-0.0311088,-0.0311088,-0.0311088,-0.0311088,0.0612639,-0.0311088,-0.0311088,-0.0311088,-0.0311088,-0.0311088,-0.0311088,0.262898,-0.0311088,-0.0311088,-0.0311088,-0.0311088,-0.0311088,-0.0311088,0.0226685,-0.0311088,-0.0311088,-0.0311088,0.272243,-0.0311088,-0.0311088,-0.0311088,-0.0311088,-0.0311088,-0.0311088,-0.0311088,-0.0311088,0,-0.0311088,-0.0311088,0.171471,-0.0311088,0.104446,-0.0311088,0.179951,-0.0311088,-0.0311088,-0.0311088,-0.0091226,-0.0311088,-0.0311088,-0.0311088,-0.0311088,-0.0311088,-0.0311088,-0.00932107,0.235564,-0.00769757,-0.0311088,-0.0311088,-0.0311088,-0.0311088,-0.0311088,0.10926,-0.0311088,-0.0311088,-0.0311088,-0.0311088,0.105735,-0.0311088,-0.0311088,-0.0311088,-0.0311088,0.264053,0.138356,-0.0311088
-0.0374335,0.100679,-0.0374335,-0.0374335,0.175203,-0.0374335,-0.0374335,-0.0374335,-0.0374335,-0.0374335,-0.0374335,-0.0374335,-0.0374335,-0.0374335,-0.0374335,-0.0374335,-0.0374335,-0.0374335,-0.0374335,-0.0374335,-0.0374335,0.07022,0.0606825,-0.0374335,-0.0146651,-0.0374335,-0.0374335,-0.0374335,-0.0374335,-0.0374335,0.182393,-0.0374335,-0.0374335,-0.0374335,0.234703,-0.0374335,-0.0374335,-0.0374335,-0.0374335,-0.0374335,0.0921729,-0.0374335,-0.0374335,-0.0374335,-0.0374335,-0.0374335,-0.0374335,-0.0374335,-0.0374335,-0.0374335,-0.0374335,-0.0374335,-0.0374335,-0.0374335,-0.0374335,-0.0374335,-0.0374335,-0.0374335,0.226792,0.160175,-0.0374335,0.166954,0,-0.0374335,0.0935015,-0.0374335,-0.0374335,-0.0374335,0.245411,-0.0374335,-0.0374335,-0.0374335,-0.0374335,-0.0374335,-0.0374335,-0.0374335,-0.0374335,0.101205,0.120289,-0.0374335,-0.0374335,0.239824,0.123861,-0.0374335,0.175498,-0.0374335,-0.0374335,-0.0374335,-0.0374335,-0.0374335,-0.0374335,0.138834,0.135029,-0.0374335,-0.0374335,-0.0374335,0.0910541,-0.0374335,-0.0374335,-0.0374335
-0.0260657,-0.0260657,-0.0260657,-0.0167429,-0.0260657,-0.0260657,0.0243769,-0.0260657,-0.0260657,0.0782716,-0.0260657,-0.0260657,-0.0260657,0.0504721,-0.0260657,-0.0260657,-0.0260657,0.226569,0.155147,0.000939465,-0.0260657,-0.0260657,-0.0260657,-0.0260657,0.00627844,-0.0260657,-0.0260657,-0.0260657,-0.0260657,-0.0260657,-0.0260657,-0.0260657,0.233692,-0.0260657,-0.0260657,-0.0260657,-0.0260657,-0.0260657,-0.0260657,-0.0260657,-0.0260657,-0.0260657,-0.0260657,-0.0260657,-0.0260657,-0.0260657,-0.0260657,-0.0260657,-0.0260657,-0.0260657,-0.0260657,-0.0260657,-0.0260657,0.261818,-0.0260657,-0.0260657,-0.0260657,-0.0182449,-0.0260657,-0.0260657,-0.0260657,-0.0260657,-0.0260657,0,-0.0260657,-0.0260657,-0.0260657,0.248505,-0.0260657,-0.0260657,-0.0260657,-0.0260657,-0.0260657,-0.0260657,-0.0260657,-0.0260657,0.17127,-0.0260657,-0.0260657,-0.0260657,0.145385,0.0225061,-0.0260657,0.0474534,0.266833,0.00403766,-0.0260657,-0.0260657,-0.0260657,-0.0260657,-0.0260657,-0.0260657,-0.0260657,-0.0260657,-0.0260657,-0.0260657,0.176686,-0.0260657,-0.0260657,-0.0260657
-0.0376706,-0.0376706,-0.0376706,-0.0302269,-0.0376706,0.236063,-0.0376706,-0.0376706,-0.0376706,-0.0376706,-0.0376706,-0.0376706,-0.0376706,-0.0376706,-0.0376706,-0.0376706,-0.0376706,-0.0376706,0.102368,0.263662,0.219304,-0.0376706,-0.0376706,-0.0376706,-0.0376706,-0.0376706,-0.0376706,-0.0376706,-0.0376706,-0.0376706,-0.0376706,0.0292244,-0.0376706,-0.0376706,-0.0376706,0.186411,-0.0376706,0.167407,-0.0376706,-0.0376706,-0.0376706,0.246181,-0.0376706,-0.0376706,-0.0376706,0.0713754,-0.0376706,-0.0376706,-0.0376706,0.0186792,0.100099,-0.0376706,-0.0376706,-0.0376706,-0.0376706,-0.0376706,-0.0376706,-0.0376706,-0.0376706,-0.0376706,-0.0376706,-0.0376706,-0.0376706,-0.0376706,0,-0.00813079,0.24187,0.0196065,-0.0376706,-0.0376706,-0.0376706,-0.0376706,-0.0376706,-0.0376706,-0.0376706,-0.0376706,-0.0376706,-0.0376706,-0.0376706,-0.0376706,-0.0376706,-0.0376706,-0.0376706,-0.0376706,-0.0376706,-0.017328,0.218573,-0.0376706,-0.0376706,-0.0376706,-0.0376706,0.274722,-0.0376706,0.0948585,-0.0376706,0.23578,-0.0376706,0.15352,-0.0376706,0.0766183
-0.025749,-0.025749,-0.025749,-0.025749,-0.025749,-0.025749,-0.025749,-0.025749,-0.025749,-0.025749,-0.025749,-0.025749,-0.025749,0.132846,-0.025749,-0.025749,-0.025749,-0.025749,-0.025749,-0.025749,-0.025749,0.147381,-0.025749,-0.025749,-0.025749,-0.025749,-0.025749,-0.025749,-0.025749,-0.025749,-0.025749,-0.025749,0.0347862,-0.025749,-0.025749,-0.025749,-0.025749,0.289978,-0.025749,-0.025749,0.266496,-0.025749,-0.025749,-0.025749,0.250758,0.225405,-0.025749,-0.025749,-0.025749,-0.025749,0.0249406,-0.025749,-0.025749,-0.025749,-0.025749,-0.025749,-0.025749,-0.025749,-0.025749,-0.025749,-0.025749,0.0952916,-0.025749,-0.025749,-0.025749,0,-0.025749,-0.025749,0.15564,0.0624697,-0.025749,-0.025749,0.0700432,-0.025749,-0.025749,-0.025749,-0.025749,-0.025749,-0.025749,-0.025749,-0.025749,-0.025749,-0.025749,-0.025749,0.185077,0.060706,-0.025749,-0.025749,-0.025749,-0.025749,-0.025749,-0.025749,-0.025749,-0.025749,-0.025749,-0.025749,-0.025749,-0.025749,-0.025749,0.161095
-0.0308932,-0.0308932,-0.0308932,0.275298,-0.0308932,-0.0308932,-0.0308932,-0.0308932,-0.0308932,-0.0308932,-0.0308932,-0.0308932,-0.0308932,-0.0308932,-0.0308932,-0.0308932,-0.0308932,0.254008,-0.0308932,0.166967,0.273662,-0.00371035,0.257589,-0.0308932,-0.0308932,-0.0308932,-0.0308932,-0.0308932,-0.0308932,0.0254351,-0.0308932,-0.0308932,-0.0308932,-0.0308932,-0.0308932,-0.0308932,-0.0308932,-0.0308932,0.126392,-0.0308932,-0.0308932,-0.0308932,-0.0308932,-0.0308932,0.00680076,-0.0308932,-0.0308932,-0.0308932,-0.0308932,-0.0308932,-0.0308932,0.079586,-0.0308932,0.176987,-0.0308932,-0.0308932,-0.0308932,-0.0308932,-0.0308932,-0.0308932,-0.0308932,-0.00171478,-0.0308932,-0.0308932,-0.0308932,-0.0308932,0,0.258828,-0.0308932,-0.0308932,-0.0308932,-0.0215949,-0.0308932,-0.0308932,-0.0308932,0.281364,-0.0308932,-0.0308932,-0.0308932,0.0651925,-0.0308932,-0.0308932,-0.0308932,-0.0308932,0.00416588,-0.0308932,0.0680636,-0.0308932,-0.0308932,-0.0308932,-0.0308932,-0.0308932,-0.0308932,-0.0308932,-0.0308932,-0.0308932,-0.0308932,0.178139,-0.0308932,-0.0308932
0.245077,0.144798,-0.0314982,-0.0314982,0.0937839,-0.0314982,-0.0314982,-0.0314982,0.146432,-0.0314982,-0.0314982,-0.0314982,-0.0314982,0.160878,-0.0314982,0.110346,-0.0314982,-0.0314982,-0.0314982,-0.0314982,-0.0314982,-0.0314982,0.154816,-0.0314982,-0.0314982,-0.0314982,-0.0314982,-0.0314982,-0.0314982,0.134296,-0.0314982,0.128829,-0.0314982,-0.0314982,-0.0314982,-0.0314982,-0.0314982,-0.0314982,0.161649,-0.0314982,-0.0314982,-0.0314982,-0.0314982,-0.0314982,-0.0314982,-0.0314982,-0.0314982,-0.0314982,-0.0314982,0.187827,-0.0314982,-0.0314982,-0.0314982,-0.0314982,-0.0314982,-0.0314982,-0.0314982,-0.0314982,-0.0314982,-0.0314982,-0.0314982,-0.0314982,-0.0314982,-0.0314982,-0.0314982,-0.0314982,0.103048,0,-0.0314982,-0.0314982,-0.0314982,-0.0314982,-0.0314982,-0.0314982,-0.0314982,-0.0314982,0.0719859,-0.0314982,-0.0314982,-0.0314982,-0.0314982,-0.0314982,-0.0314982,0.0475362,0.0794663,-0.0314982,-0.0314982,-0.0314982,-0.0314982,-0.0314982,-0.0314982,-0.0314982,-0.0314982,-0.0314982,-0.0314982,-0.0314982,-0.0314982,0.0815641,0.231791,0.267229
-0.0250116,-0.0250116,-0.0250116,-0.0250116,-0.0250116,-0.0250116,-0.0250116,-0.0250116,-0.0250116,0.229065,0.00451619,-0.0250116,0.167915,0.104173,-0.0250116,0.0948038,-0.0250116,-0.0250116,-0.0250116,-0.0250116,-0.0250116,0.230175,-0.0250116,-0.0250116,-0.0250116,-0.0250116,-0.0250116,-0.0250116,0.0270421,-0.0250116,0.202733,-0.0250116,0.232022,-0.0250116,-0.0250116,-0.0250116,-0.0250116,-0.0108045,-0.0250116,-0.0250116,-0.0250116,-0.0250116,-0.0250116,-0.0250116,-0.0250116,-0.0250116,-0.0250116,-0.0250116,-0.0250116,-0.0250116,-0.0209381,-0.0250116,-0.0250116,0.288337,0.0440537,-0.0250116,-0.0250116,-0.0250116,-0.0250116,-0.0250116,-0.0250116,-0.0250116,-0.0250116,-0.0250116,-0.0250116,-0.0250116,-0.0250116,-0.0250116,0,0.0237895,-0.0250116,-0.0250116,-0.0250116,-0.0250116,-0.0250116,-0.0250116,-0.0250116,-0.0250116,-0.0250116,-0.0250116,-0.0250116,-0.0250116,-0.0250116,-0.0250116,-0.0250116,-0.0250116,-0.0250116,-0.0250116,-0.0250116,0.106493,0.150982,-0.0250116,-0.0250116,-0.0250116,-0.0250116,-0.0250116,-0.0250116,0.176592,-0.0250116,-0.0250116
-0.0381288,-0.0381288,0.213429,-0.0381288,-0.0381288,-0.0381288,0.256974,-0.0381288,-0.0381288,-0.0381288,-0.0381288,-0.0381288,-0.0381288,-0.0381288,-0.0381288,-0.0381288,0.114637,0.180521,0.151625,0.117072,-0.0381288,-0.0381288,-0.0381288,-0.0381288,-0.0381288,-0.0381288,0.233556,-0.0381288,-0.0381288,-0.0381288,-0.0381288,-0.0381288,-0.0381288,-0.0381288,-0.0381288,-0.0381288,-0.0381288,-0.0381288,-0.0381288,-0.0381288,0.141483,-0.0381288,-0.0381288,-0.0381288,-0.0381288,0.0258061,-0.0381288,-0.0381288,-0.0381288,0.204736,0.054289,-0.0381288,-0.0381288,-0.0381288,-0.0381288,-0.0381288,-0.0381288,-0.0381288,-0.0381288,-0.0381288,-0.0381288,-0.0381288,-0.0381288,0.197415,-0.0381288,-0.0381288,-0.0381288,-0.0209438,0.246773,0,-0.0381288,-0.0381288,0.107669,-0.0381288,-0.0381288,-0.0381288,-0.0381288,-0.0381288,-0.0381288,-0.0381288,-0.0381288,-0.0381288,0.06841,-0.0381288,-0.0381288,-0.0381288,-0.0381288,-0.0381288,-0.0381288,-0.0381288,0.234836,-0.0381288,0.271407,-0.0381288,-0.0381288,-0.0381288,0.250606,-0.0381288,-0.0381288,-0.0381288
0.144394,-0.0437545,-0.0437545,-0.0437545,-0.0437545,0.256185,0.0283075,-0.0437545,0.0552294,-0.0437545,-0.0437545,-0.0437545,-0.0437545,-0.0437545,0.219746,0.100266,-0.0437545,-0.0437545,-0.0437545,-0.0437545,-0.0437545,-0.0437545,-0.0437545,0.233653,0.182627,-0.0437545,-0.0437545,-0.0437545,-0.0437545,0.213535,-0.0437545,0.154789,-0.0437545,-0.0176444,-0.0437545,-0.0437545,-0.0437545,-0.0437545,-0.00165147,0.00144926,-0.0437545,-0.0437545,-0.0437545,-0.0437545,0.151007,-0.0437545,-0.0437545,-0.0437545,-0.0437545,0.267006,0.230964,-0.0437545,-0.0437545,-0.0437545,0.0709485,-0.0437545,0.134227,-0.0437545,-0.0437545,-0.0437545,-0.0437545,-0.0437545,-0.0437545,-0.0437545,-0.0437545,-0.0437545,-0.0437545,-0.0437545,-0.0437545,-0.0437545,0,-0.0437545,-0.0418795,-0.0437545,-0.0437545,-0.0437545,-0.0437545,-0.0437545,0.00411361,-0.0437545,0.19199,0.228338,0.0664709,0.174647,-0.0437545,-0.0437545,0.0823975,-0.0437545,-0.00672759,-0.0437545,-0.00911019,-0.0437545,-0.00870534,-0.0437545,-0.0437545,-0.0437545,-0.0437545,-0.0437545,-0.0437545,-0.0437545
-0.0357694,-0.0357694,-0.0357694,0.276452,-0.0357694,-0.0357694,-0.0357694,-0.0357694,-0.0357694,-0.0357694,-0.0357694,-0.0357694,-0.0357694,-0.0357694,-0.0357694,-0.0357694,-0.0357694,-0.0357694,-0.0357694,0.172697,-0.0357694,-0.00635418,-0.0357694,-0.0357694,-0.0357694,-0.0357694,-0.0357694,0.219799,-0.0357694,-0.0357694,-0.0357694,0.0988105,-0.0357694,-0.0357694,-0.0357694,-0.0357694,-0.0357694,0.269335,-0.0357694,-0.0357694,-0.00639276,-0.0357694,-0.0357694,-0.0357694,0.191351,0.190311,-0.0357694,-0.0357694,-0.0357694,-0.0357694,-0.0357694,-0.0357694,-0.0357694,-0.0357694,-0.0357694,-0.0357694,-0.0357694,-0.0357694,-0.0357694,-0.0357694,0.146528,-0.0357694,-0.0357694,-0.0357694,-0.0357694,0.085064,0.252128,-0.0357694,-0.0357694,0.0756878,-0.0357694,0,-0.0357694,-0.0357694,-0.0357694,-0.0357694,-0.0357694,-0.0357694,-0.0357694,-0.0357694,0.230479,-0.0357694,-0.0357694,0.265308,-0.0357694,-0.0357694,-0.0357694,-0.0357694,-0.0357694,-0.0357694,-0.0357694,0.225755,-0.0357694,-0.0357694,-0.0357694,-0.0357694,-0.0357694,-0.0357694,0.246131,-0.0357694
-0.0292228,-0.0244889,-0.0292228,-0.0292228,-0.0292228,-0.0184119,-0.0292228,-0.0292228,-0.0292228,-0.0292228,-0.0292228,-0.0292228,-0.0085008,-0.0292228,-0.0292228,0.1934,-0.0292228,-0.0292228,-0.0292228,-0.0292228,-0.0292228,0.0255981,-0.0292228,-0.0292228,-0.0292228,-0.0292228,-0.0292228,-0.0292228,-0.0292228,-0.0292228,-0.0292228,-0.0292228,-0.0292228,-0.0292228,-0.0292228,-0.0292228,-0.0292228,-0.0292228,-0.0292228,-0.0292228,-0.0292228,-0.0292228,0.0644336,0.121781,0.0893627,-0.0292228,-0.0292228,-0.0292228,-0.0292228,-0.0292228,-0.0292228,0.0188242,-0.0292228,-0.0292228,-0.0292228,-0.0292228,-0.0292228,-0.0292228,-0.0292228,0.239213,-0.0292228,-0.0292228,0.056191,-0.0292228,-0.0292228,0.267509,-0.0292228,-0.0292228,-0.0292228,0.284981,-0.0292228,-0.0292228,0,-0.0292228,-0.0292228,-0.0292228,0.234584,-0.0292228,-0.0292228,-0.0292228,-0.0292228,-0.0292228,-0.0292228,-0.0292228,0.0999992,0.105811,0.086257,-0.0292228,-0.0292228,-0.0292228,-0.0292228,-0.0292228,-0.0292228,-0.0292228,-0.0292228,0.141755,-0.0292228,0.258053,0.0722457,-0.0292228
-0.0108451,-0.0291978,-0.0291978,0.0263705,-0.0174347,-0.0291978,-0.0291978,-0.0291978,-0.0291978,-0.0291978,-0.0291978,-0.0291978,0.219576,-0.0291978,-0.0291978,-0.0291978,0.097978,-0.0291978,0.25488,-0.0291978,-0.0291978,0.118286,-0.0245132,-0.0291978,-0.0291978,-0.0291978,-0.0291978,-0.0291978,-0.0291978,-0.0291978,-0.0291978,-0.0291978,-0.0291978,-0.0291978,-0.00697231,-0.0291978,-0.0291978,-0.0291978,-0.0291978,-0.0291978,-0.0291978,-0.0291978,0.00501034,-0.0291978,-0.0291978,-0.0291978,-0.0291978,-0.0291978,0.249695,-0.0291978,0.0972552,-0.0291978,-0.0291978,-0.0291978,-0.0291978,-0.0291978,0.206469,0.103343,-0.0291978,-0.0291978,-0.0291978,-0.0291978,-0.0291978,0.197983,0.0349878,-0.0291978,-0.0291978,-0.0291978,0.0731102,-0.0291978,-0.0291978,-0.0291978,-0.0291978,0,0.171953,-0.0291978,-0.0291978,-0.0291978,-0.0291978,-0.0291978,-0.0291978,-0.0291978,-0.0291978,-0.0180973,-0.0291978,-0.0291978,-0.0291978,-0.0291978,-0.0291978,-0.0291978,-0.0291978,-0.0291978,-0.0291978,-0.0291978,-0.0291978,0.263391,-0.0132041,0.219012,-0.0291978,-0.0291978
-0.0341724,0.258952,-0.0341724,-0.0341724,-0.0341724,-0.0341724,-0.0341724,-0.0341724,-0.0341724,-0.0341724,0.194966,0.0766552,-0.0341724,-0.0341724,-0.0341724,-0.0341724,-0.0341724,-0.0341724,-0.0341724,-0.0341724,-0.0341724,0.175192,0.0427488,-0.0341724,-0.0341724,-0.0341724,-0.0341724,0.155835,-0.0341724,-0.0341724,-0.0341724,-0.0341724,-0.0341724,-0.0341724,-0.0341724,-0.0341724,-0.0341724,-0.0341724,-0.0341724,0.252334,-0.0341724,-0.0341724,-0.0341724,-0.0341724,-0.00670188,-0.0341724,-0.0341724,-0.0341724,0.189792,-0.0341724,-0.0341724,0.205161,-0.0341724,-0.0341724,-0.0341724,-0.0341724,0.226224,-0.0341724,-0.0341724,-0.0339999,-0.0341724,-0.0341724,-0.0341724,-0.0341724,-0.0341724,-0.0341724,-0.0341724,-0.0341724,-0.0341724,-0.0341724,-0.0341724,-0.0341724,0.0141018,0.0585314,0,-0.0341724,-0.0341724,0.255108,-0.0341724,-0.0341724,0.0654399,-0.0341724,-0.0341724,-0.0341724,-0.0341724,-0.0341724,-0.0341724,-0.0341724,0.0791358,-0.0341724,-0.0341724,-0.0341724,-0.0341724,0.226678,-0.0341724,-0.0341724,-0.0341724,-0.0341724,0.261367,0.0021035
-0.0249137,0.146805,-0.0249137,-0.0249137,-0.0249137,-0.0249137,-0.0249137,0.264243,-0.0249137,-0.0249137,-0.0249137,-0.0249137,-0.0249137,-0.0249137,0.122024,-0.0249137,-0.0249137,-0.0249137,0.130993,-0.0249137,-0.0249137,-0.0249137,0.0635616,-0.0249137,-0.0249137,-0.0249137,-0.0249137,-0.0249137,-0.0249137,0.12612,-0.0249137,-0.0249137,-0.0249137,-0.0249137,-0.0249137,-0.0249137,0.247248,-0.0249137,-0.0232054,-0.0249137,-0.0249137,-0.0249137,-0.0249137,-0.0249137,-0.0249137,-0.0249137,-0.0249137,-0.0249137,-0.0249137,-0.0249137,0.064877,-0.0249137,-0.0249137,-0.0249137,-0.0249137,-0.0249137,-0.0249137,-0.0205557,0.125376,-0.0249137,-0.0249137,-0.0249137,-0.0249137,-0.0249137,-0.0249137,-0.0249137,-0.0249137,-0.0249137,-0.0249137,0.0238151,0.205131,-0.0249137,-0.0249137,-0.0104588,-0.0249137,0,-0.0249137,-0.0249137,-0.0249137,-0.0249137,-0.0249137,-0.0249137,-0.0249137,0.229,-0.0249137,-0.0249137,-0.0249137,-0.0249137,-0.0249137,-0.0249137,-0.0249137,0.271962,-0.0249137,-0.0249137,-0.0249137,-0.0249137,0.0759875,-0.0249137,-0.0249137,-0.0249137
0.14546,-0.0442741,0.0509239,0.0988818,-0.0442741,-0.0442741,-0.0442741,-0.0442741,-0.0442741,-0.0442741,-0.0442741,-0.0442741,-0.0442741,-0.0442741,-0.0442741,-0.0442741,-0.0442741,-0.0442741,0.228118,-0.0442741,-0.0442741,-0.0442741,-0.0442741,-0.0442741,-0.0442741,-0.0442741,-0.0442741,-0.0442741,-0.0442741,-0.0442741,0.215102,-0.0442741,-0.0442741,-0.0442741,-0.0442741,-0.0442741,-0.0442741,-0.0442741,0.250241,-0.0442741,-0.0034252,-0.0442741,-0.0442741,-0.0442741,0.0734986,-0.0442741,0.100745,-0.0442741,-0.0442741,-0.0442741,-0.0442741,-0.0442741,-0.0442741,-0.0442741,0.00595652,0.146178,0.205812,0.0503561,-0.0442741,-0.0442741,0.244175,-0.0442741,0.188401,-0.0442741,-0.0442741,-0.0442741,-0.0442741,-0.0442741,-0.0442741,-0.0442741,-0.0442741,0.167156,0.0965671,-0.0442741,-0.0442741,-0.0442741,0,-0.0442741,-0.0442741,-0.0442741,-0.0442741,0.20412,-0.0442741,0.0983615,-0.0442741,0.27276,0.144578,-0.0442741,-0.0442741,-0.0442741,-0.0442741,0.222306,-0.0442741,-0.0442741,-0.0442741,0.0430915,0.0711941,-0.0442741,-0.0442741,-0.0442741
-0.0274085,-0.0274085,-0.0274085,0.0416502,-0.0274085,-0.0123362,-0.0274085,-0.0274085,-0.0274085,0.214998,-0.0274085,-0.0274085,-0.0274085,-0.0274085,-0.0274085,-0.0274085,-0.0274085,-0.0274085,-0.0274085,0.178115,-0.0274085,-0.0274085,-0.0274085,-0.0274085,0.12613,-0.0274085,0.00620698,-0.0274085,-0.0274085,-0.0274085,-0.0274085,-0.0274085,-0.0274085,-0.0274085,-0.0274085,-0.0274085,-0.0167498,-0.0274085,-0.0137103,-0.0274085,-0.0274085,0.104122,-0.0274085,-0.0274085,-0.0274085,-0.0274085,-0.0274085,-0.0274085,0.0857506,-0.0274085,-0.0274085,-0.0274085,-0.0274085,-0.0274085,-0.0274085,-0.0274085,-0.0274085,-0.0274085,0.152598,-0.0274085,-0.0274085,-0.0274085,-0.0274085,-0.0274085,0.270997,-0.0274085,-0.0274085,0.175666,-0.0274085,0.0756088,-0.0274085,-0.0274085,-0.0274085,0.138183,-0.0274085,-0.0274085,0.0806317,0,-0.0274085,-0.0274085,-0.0274085,-0.0274085,-0.0274085,-0.0274085,0.218047,-0.0274085,0.069328,-0.0274085,-0.0274085,-0.0274085,0.0367305,-0.0274085,-0.0274085,-0.0274085,-0.0274085,-0.0274085,-0.0274085,0.2333,-0.0274085,-0.0274085
-0.0332603,0.236477,-0.0332603,0.118466,-0.0332603,-0.0332603,-0.0332603,-0.0332603,0.00533809,-0.0332603,0.204193,-0.0332603,-0.00902951,-0.0332603,-0.0332603,-0.0332603,-0.0332603,-0.0332603,-0.0332603,-0.0332603,-0.0332603,-0.0332603,-0.0332603,-0.0332603,0.0675396,-0.0202342,-0.0332603,-0.0285659,-0.0332603,-0.0332603,-0.0332603,0.0544392,-0.0332603,-0.0332603,-0.0332603,-0.0332603,-0.0332603,-0.0332603,0.060133,-0.0332603,-0.0332603,-0.0332603,-0.0332603,-0.0332603,-0.0332603,-0.0332603,-0.0332603,-0.0332603,0.264857,-0.0332603,-0.0332603,-0.0332603,0.078071,-0.0332603,-0.0332603,-0.0332603,-0.0332603,-0.0332603,0.0104336,-0.0332603,-0.0332603,-0.0332603,0.183446,-0.0332603,0.276974,-0.0332603,0.185298,-0.0332603,-0.0332603,-0.0332603,-0.0332603,-0.0332603,0.121318,-0.0332603,-0.0332603,-0.0332603,-0.0332603,-0.0332603,0,0.183416,-0.0332603,-0.0332603,0.273319,-0.0332603,-0.0332603,0.23945,-0.0332603,-0.0332603,-0.0332603,-0.0332603,-0.0332603,-0.0332603,-0.0332603,-0.0332603,-0.0332603,-0.0332603,-0.0332603,0.088966,-0.0332603,-0.0332603
-0.0323042,-0.0323042,0.202282,-0.0323042,-0.0323042,-0.0323042,-0.0323042,-0.0323042,-0.0323042,0.269114,-0.0323042,-0.0323042,-0.0275394,-0.0323042,-0.0323042,-0.0323042,-0.0323042,0.173345,-0.0323042,0.262823,-0.0323042,-0.0323042,-0.0323042,-0.0323042,0.281947,-0.0323042,-0.0323042,-0.0323042,-0.0323042,-0.0323042,-0.0323042,-0.0323042,-0.0323042,-0.0323042,-0.0323042,-0.0323042,-0.0323042,0.104892,-0.0323042,-0.0323042,-0.0323042,-0.0323042,-0.0323042,0.0171731,-0.0323042,-0.0323042,-0.0323042,-0.0323042,-0.0323042,-0.0323042,-0.0323042,-0.0323042,-0.0323042,-0.0323042,0.28438,-0.0323042,-0.0323042,-0.0323042,-0.0323042,-0.0323042,-0.0323042,-0.0323042,-0.0323042,-0.0323042,0.161462,-0.0323042,0.135277,-0.0323042,-0.0323042,-0.0323042,-0.0323042,-0.0323042,-0.0323042,-0.0323042,0.0868706,0.0449869,-0.0323042,-0.0323042,-0.0323042,0,-0.0323042,-0.0323042,-0.0323042,-0.0323042,-0.0323042,-0.0323042,-0.0323042,-0.0323042,-0.0323042,-0.0323042,-0.0323042,-0.0323042,0.00454804,-0.0323042,0.209873,0.229061,-0.0323042,-0.0323042,0.208451,-0.0323042
-0.0225558,0.148426,-0.0225558,-0.0225558,-0.0225558,-0.0225558,-0.0225558,-0.0225558,-0.0225558,-0.0225558,-0.0225558,-0.0225558,-0.0225558,-0.0225558,-0.0225558,-0.0225558,-0.0225558,-0.0225558,-0.0225558,-0.0225558,0.0843632,0.249659,-0.0225558,-0.0225558,-0.0225558,-0.0225558,-0.0225558,-0.0225558,0.185574,-0.0225558,-0.0225558,0.179361,0.0854195,-0.0225558,-0.0225558,-0.0225558,-0.0225558,-0.0225558,-0.0225558,-0.0225558,-0.0225558,-0.0225558,-0.0225558,-0.0225558,-0.0225558,0.258045,-0.0225558,-0.0225558,-0.0225558,-0.0225558,-0.0225558,-0.0225558,-0.0225558,-0.0225558,0.0824301,-0.0225558,-0.0225558,-0.0225558,-0.0225558,-0.0225558,-0.0225558,-0.0225558,-0.0225558,0.109863,0.139485,-0.0225558,-0.0225558,-0.0225558,-0.0225558,-0.0225558,-0.0225558,-0.0225558,-0.0225558,-0.0225558,-0.0225558,-0.0225558,-0.0225558,-0.0225558,-0.0225558,-0.0225558,0,-0.0225558,-0.0225558,0.293223,-0.0225558,-0.0225558,0.11031,-0.0225558,-0.0225558,-0.0225558,-0.0225558,0.0136362,-0.0225558,-0.0225558,-0.0225558,-0.0225558,-0.0225558,-0.0225558,-0.0225558,-0.0225558
-0.0407542,-0.0407542,0.0874243,0.11907,-0.0407542,0.0695935,-0.0407542,-0.0407542,-0.0407542,0.234476,-0.0407542,-0.0407542,0.13945,-0.0407542,0.218178,-0.0407542,0.109776,-0.0407542,0.255016,-0.0407542,-0.0407542,-0.0322664,0.0151739,-0.0407542,-0.0407542,0.043622,-0.0407542,-0.0407542,-0.0407542,-0.00802856,-0.0407542,-0.0407542,-0.0407542,-0.0407542,-0.0407542,-0.0407542,-0.0407542,-0.0407542,0.231047,0.224585,-0.0407542,-0.0407542,-0.0407542,-0.0106495,-0.0407542,-0.0407542,-0.0407542,-0.0291113,-0.0407542,-0.0407542,-0.0407542,-0.0316099,-0.0407542,-0.0407542,0.131976,-0.0407542,-0.0407542,-0.0407542,-0.0407542,0.089,-0.0407542,-0.0407542,-0.0407542,-0.0407542,-0.0407542,-0.0407542,0.22063,-0.0407542,-0.0407542,-0.0407542,-0.0407542,-0.0407542,-0.0407542,-0.0407542,-0.0407542,-0.0407542,-0.0407542,0.0814085,-0.0407542,-0.0407542,-0.0407542,0,-0.0407542,-0.0407542,-0.0407542,0.15025,-0.0407542,-0.0407542,-0.0407542,-0.00739786,-0.0407542,-0.0407542,-0.0407542,0.12471,-0.0407542,0.139404,-0.0407542,0.231869,0.136711,-0.0407542
-0.0362843,-0.00558143,0.152098,-0.0362843,0.241244,0.251057,-0.0362843,0.135228,-0.0362843,0.0172503,-0.0362843,-0.0362843,-0.0362843,-0.0362843,-0.0362843,0.160719,-0.0362843,-0.0362843,-0.0362843,-0.0362843,-0.0362843,0.078603,-0.0362843,-0.0362843,-0.0362843,-0.0362843,-0.0362843,0.0704111,0.0451991,0.0586469,-0.0362843,-0.0362843,-0.0362843,-0.0362843,-0.0362843,-0.0362843,-0.0362843,-0.0362843,-0.0362843,-0.0362843,-0.0362843,-0.0362843,-0.0362843,-0.0362843,-0.0362843,-0.0362843,-0.0362843,-0.0362843,-0.0362843,-0.0362843,-0.0362843,-0.0362843,-0.0362843,0.279987,-0.0362843,-0.0362843,-0.0362843,-0.0362843,0.214017,-0.0362843,-0.0362843,-0.0362843,-0.0362843,0.0409071,0.200125,-0.0362843,-0.0362843,-0.0362843,-0.0362843,-0.0362843,-0.0362843,-0.0362843,-0.0362843,-0.0362843,-0.0362843,0.266027,0.108878,-0.0362843,-0.0362843,-0.0362843,0.148863,-0.0362843,0,-0.0362843,-0.0362843,0.00389483,0.171594,-0.0362843,-0.0362843,-0.0362843,-0.0362843,-0.0362843,0.0286796,-0.0362843,-0.018021,-0.0362843,-0.0362843,-0.0362843,0.107777,-0.0362843
-0.022817,-0.022817,0.206523,-0.022817,-0.022817,-0.022817,-0.022817,-0.022817,-0.022817,-0.022817,-0.022817,-0.022817,0.01415,-0.022817,-0.022817,-0.018421,0.0439861,-0.022817,-0.022817,-0.022817,-0.022817,0.155142,-0.022817,-0.022817,-0.022817,-0.022817,-0.022817,-0.022817,-0.022817,-0.022817,0.0111963,-0.022817,-0.022817,-0.022817,-0.022817,-0.022817,-0.022817,-0.022817,-0.022817,-0.022817,-0.022817,-0.022817,-0.022817,-0.022817,-0.022817,-0.022817,-0.022817,-0.022817,-0.022817,0.232648,-0.022817,-0.022817,-0.022817,0.25615,-0.022817,0.203912,-0.022817,-0.022817,0.255528,-0.022817,-0.022817,0.253609,0.0704208,-0.022817,-0.022817,-0.022817,-0.022817,-0.022817,-0.022817,-0.022817,-0.022817,-0.022817,-0.022817,-0.022817,-0.022817,0.0584118,-0.022817,-0.022817,-0.022817,-0.022817,0.068366,-0.022817,-0.022817,0,-0.022817,-0.022817,-0.022817,0.105003,-0.022817,-0.022817,-0.022817,-0.022817,-0.022817,-0.022817,-0.022817,-0.022817,-0.022817,-0.022817,-0.022817,-0.022817
-0.0315649,-0.0315649,-0.0315649,-0.0315649,-0.0315649,-0.0315649,-0.0315649,-0.0315649,-0.0315649,-0.0315649,-0.0315649,-0.0315649,-0.0315649,-0.0315649,-0.0315649,-0.0315649,-0.0315649,0.266059,-0.0315649,0.114477,0.112512,-0.0315649,0.139957,-0.0315649,-0.0315649,-0.0315649,0.164066,-0.0315649,-0.0315649,-0.0315649,-0.0315649,0.119164,-0.0315649,-0.0315649,-0.0315649,-0.0315649,-0.0315649,-0.0315649,-0.0315649,-0.0315649,-0.0315649,-0.0315649,-0.0315649,-0.0315649,-0.0315649,-0.0315649,0.0506883,0.111481,-0.0315649,0.0296371,-0.0315649,-0.0315649,-0.0315649,0.125707,-0.0315649,-0.0315649,0.0133396,-0.0315649,-0.0315649,0.0401818,0.0339163,-0.0315649,-0.0315649,0.267657,-0.0315649,-0.0315649,-0.0315649,-0.0315649,0.0696331,-0.0315649,-0.0315649,-0.0315649,-0.0315649,-0.0315649,-0.0315649,-0.0315649,0.0788097,-0.0315649,-0.0315649,-0.0315649,0.140146,-0.0126169,-0.0315649,-0.0315649,0,-0.0315649,0.142927,-0.0205088,-0.0315649,-0.0315649,-0.0315649,-0.0315649,-0.0315649,-0.0315649,-0.0315649,0.104251,-0.0315649,0.196297,-0.0315649,0.111151
-0.0194679,-0.0194679,-0.0194679,-0.0194679,-0.0194679,-0.0194679,-0.0194679,0.168935,-0.0194679,-0.0194679,-0.0194679,-0.0194679,-0.0194679,-0.0194679,-0.0194679,-0.0194679,-0.0194679,-0.00403829,-0.0194679,-0.0194679,-0.0194679,-0.0194679,0.0224683,-0.0194679,-0.0194679,-0.0194679,-0.0194679,-0.0194679,0.277504,-0.0194679,-0.0194679,-0.0194679,-0.0194679,0.0122966,-0.0194679,-0.0194679,-0.0194679,-0.0194679,-0.0194679,-0.0194679,-0.0194679,0.0438816,-0.0194679,-0.0194679,-0.0194679,-0.0194679,-0.0194679,-0.0194679,-0.0194679,-0.0194679,-0.0194679,0.194193,0.058213,0.163313,-0.0194679,-0.0194679,-0.0194679,-0.0194679,-0.0194679,0.266102,-0.0194679,-0.0194679,-0.0194679,-0.0194679,-0.0194679,-0.0194679,-0.0194679,-0.0194679,0.0462971,0.106183,-0.0194679,-0.0194679,-0.0194679,-0.0194679,-0.0194679,-0.0194679,-0.0194679,-0.0194679,-0.0194679,-0.0194679,-0.0194679,-0.0194679,-0.0194679,-0.0194679,-0.0194679,0,-0.0194679,-0.0194679,-0.0194679,-0.0194679,-0.0194679,0.134995,0.0911713,-0.0194679,0.0537875,-0.0194679,-0.0194679,-0.0194679,-0.0194679,-0.0194679
-0.0324535,-0.0324535,-0.0324535,-0.0324535,-0.0324535,-0.0324535,-0.0324535,-0.0324535,-0.0324535,-0.0324535,-0.0324535,0.0633355,-0.0324535,-0.0127165,-0.0324535,-0.0324535,-0.0324535,-0.0324535,-0.0324535,-0.0308476,-0.0324535,-0.0324535,-0.0324535,-0.0324535,-0.0324535,-0.0324535,0.211466,-0.0324535,-0.0324535,0.0949529,-0.0324535,0.0634885,0.103979,-0.0324535,-0.0324535,-0.0324535,-0.0324535,-0.0324535,-0.0324535,0.160394,0.160739,0.226984,-0.0324535,-0.0324535,-0.0324535,-0.0324535,-0.0324535,-0.0324535,-0.0324535,-0.0324535,-0.0324535,0.235715,-0.0324535,-0.0324535,0.102018,-0.0324535,-0.0324535,-0.0324535,-0.0324535,0.0891074,-0.0324535,0.206157,-0.0324535,-0.0324535,-0.0324535,-0.0324535,-0.0324535,-0.0324535,-0.0324535,-0.0324535,-0.0324535,-0.0324535,-0.0324535,-0.0324535,-0.0324535,-0.0324535,-0.0324535,-0.0324535,-0.0324535,-0.0324535,-0.0324535,-0.0324535,-0.0324535,-0.0324535,-0.0324535,-0.0324535,0,0.258981,-0.0324535,-0.0324535,-0.0324535,-0.0324535,-0.0324535,0.159904,-0.0324535,-0.0167272,0.109196,0.128845,0.248855,-0.0324535
-0.0273286,0.22116,0.0298498,-0.0273286,-0.0273286,-0.0273286,-0.0273286,-0.0273286,-0.0273286,0.0459372,-0.0273286,-0.0273286,-0.0273286,-0.0273286,-0.0273286,-0.0273286,-0.0273286,-0.0273286,-0.0273286,0.0148284,-0.0273286,-0.0273286,-0.0273286,-0.0273286,-0.0273286,-0.0273286,-0.0273286,0.0272093,-0.0273286,-0.0273286,-0.0273286,-0.0273286,-0.0273286,-0.0273286,-0.0273286,-0.0273286,0.252704,-0.0273286,-0.0273286,-0.0273286,-0.0273286,0.168508,-0.0273286,-0.0273286,0.120996,-0.0273286,-0.0273286,-0.0273286,0.199764,-0.0273286,0.174056,-0.0273286,-0.0273286,-0.0273286,-0.0273286,-0.0273286,-0.0273286,-0.0273286,-0.0273286,0.0272774,-0.0273286,0.269892,-0.0273286,-0.0273286,-0.0273286,-0.0273286,-0.0273286,-0.0273286,-0.0273286,0.267843,-0.0273286,-0.0273286,0.0733036,-0.0273286,-0.0273286,-0.0273286,-0.0273286,0.101803,-0.0273286,-0.020898,-0.0273286,-0.0273286,-0.0273286,-0.0273286,-0.0273286,-0.0273286,-0.0273286,0,-0.0273286,-0.0273286,-0.0273286,0.142767,-0.0273286,-0.0273286,-0.0273286,0.0733629,-0.00407827,-0.0273286,-0.0273286,-0.0273286
-0.0335093,0.0448362,-0.0335093,-0.0335093,0.00637347,-0.0335093,0.0849278,-0.0335093,-0.0335093,-0.0335093,-0.0335093,0.15753,-0.0335093,-0.0335093,-0.0335093,-0.0335093,-0.0335093,-0.0335093,-0.0335093,-0.0335093,0.0979411,0.00325203,-0.0335093,-0.0335093,-0.0335093,-0.0335093,-0.0335093,-0.0335093,-0.0335093,-0.0335093,-0.0335093,-0.0335093,-0.0335093,-0.0335093,-0.0335093,-0.0335093,-0.0335093,-0.0335093,-0.0335093,0.15652,-0.0335093,-0.0335093,-0.0335093,-0.0335093,-0.0335093,-0.0335093,0.192958,0.142182,0.274396,-0.0335093,-0.0335093,-0.0335093,-0.0335093,-0.0335093,0.125586,-0.0335093,0.261898,-0.0335093,-0.0335093,-0.0335093,-0.0335093,-0.0335093,-0.0335093,-0.0335093,-0.0335093,0.271776,-0.0335093,0.147037,-0.0335093,-0.0335093,-0.0335093,-0.0335093,-0.0335093,-0.0335093,0.26672,-0.0335093,0.145691,-0.0335093,-0.0335093,0.0477795,-0.0335093,-0.0335093,0.0312697,-0.0335093,-0.0335093,-0.0335093,-0.0335093,-0.0335093,0,-0.0335093,-0.0335093,-0.0335093,-0.0335093,-0.0335093,-0.0335093,-0.0335093,-0.0335093,-0.0335093,0.222073,-0.0335093
-0.0255781,-0.0255781,0.00216739,-0.0255781,-0.0255781,-0.0255781,-0.0255781,-0.0255781,-0.0255781,-0.0255781,-0.0255781,0.0471315,-0.0255781,-0.0255781,-0.0255781,0.258028,-0.0255781,-0.0255781,0.189514,-0.0255781,0.0178036,0.0942995,-0.0255781,-0.0255781,-0.0255781,-0.0255781,-0.0255781,0.124963,-0.0255781,-0.0255781,-0.0255781,-0.0255781,-0.0255781,-0.0255781,-0.0255781,-0.0255781,0.161889,-0.0255781,-0.0255781,-0.0255781,-0.0255781,0.233109,-0.0255781,-0.0255781,-0.0255781,-0.0255781,0.0673923,-0.0255781,-0.0255781,-0.0255781,0.154345,-0.0255781,-0.0255781,-0.0255781,-0.0255781,-0.0255781,0.28355,-0.0255781,-0.0255781,-0.0255781,0.136766,-0.0255781,-0.0255781,-0.0255781,-0.0255781,-0.0255781,-0.0255781,-0.0255781,-0.0255781,-0.0255781,-0.0255781,-0.0255781,-0.0255781,-0.0255781,-0.0255781,-0.0255781,-0.0255781,-0.0255781,-0.0255781,-0.0255781,-0.0255781,-0.0255781,-0.0255781,0.256646,-0.0255781,-0.0255781,-0.0255781,-0.0255781,-0.0255781,0,-0.0255781,-0.0255781,-0.0255781,-0.0255781,0.120954,-0.0255781,-0.0255781,-0.0255781,-0.0255781,-0.0255781
-0.0334676,-0.0334676,-0.0334676,-0.0334676,-0.0334676,-0.0334676,-0.0334676,0.0184944,-0.0334676,-0.0334676,0.188983,-0.0250837,0.110038,0.0249934,-0.0334676,0.200691,-0.0334676,-0.0334676,-0.0334676,-0.0334676,0.0562464,0.045212,-0.0334676,-0.0334676,-0.0334676,-0.0334676,-0.0334676,-0.0334676,0.0473277,0.174368,0.00333381,-0.0334676,-0.0334676,0.098622,0.0371856,-0.0334676,0.0337934,0.267681,-0.0334676,0.105263,-0.0334676,0.231758,0.115453,-0.0334676,-0.0334676,-0.0334676,-0.0334676,-0.0334676,-0.0334676,-0.0334676,-0.0334676,0.270025,-0.0334676,-0.0334676,-0.0334676,-0.0334676,-0.0334676,-0.0334676,-0.0334676,-0.0334676,-0.0334676,-0.0334676,0.0954364,-0.0334676,-0.0334676,0.164277,-0.0334676,-0.0334676,0.086615,-0.0334676,-0.0334676,-0.0334676,-0.0334676,-0.0334676,-0.0334676,-0.0334676,-0.0334676,-0.0334676,0.112652,-0.0334676,-0.0334676,-0.0334676,-0.0334676,-0.0334676,-0.0334676,-0.0334676,-0.0334676,-0.0334676,0.0467064,-0.0334676,0,-0.0334676,-0.0334676,-0.0334676,-0.0334676,-0.0334676,-0.0334676,-0.0334676,-0.0334676,-0.0334676
-0.0322392,-0.0322392,-0.0322392,-0.0322392,-0.0322392,-0.0322392,0.0479655,0.114077,-0.0322392,-0.0322392,-0.0322392,0.030345,-0.0322392,-0.0322392,0.272004,-0.0322392,-0.0322392,-0.0322392,0.091648,-0.0322392,-0.0322392,-0.0322392,0.2753,-0.0322392,-0.0322392,-0.0322392,-0.0322392,-0.0322392,-0.0322392,-0.0322392,-0.0322392,-0.0322392,-0.0254298,-0.0322392,0.0558735,-0.0322392,-0.0322392,0.183398,-0.0322392,-0.0322392,-0.0322392,-0.0322392,-0.0322392,0.0323589,-0.0322392,-0.0322392,-0.0322392,-0.0322392,-0.0322392,-0.0322392,-0.0322392,-0.0322392,-0.0322392,-0.0322392,-0.0322392,0.0569585,-0.0322392,0.0683684,-0.0322392,-0.0322392,-0.0322392,0.0518332,-0.0322392,-0.0322392,0.27452,-0.0322392,-0.0322392,-0.0322392,0.205765,-0.0322392,-0.0322392,-0.0322392,-0.0322392,-0.0322392,-0.0322392,-0.0322392,-0.0322392,-0.0322392,-0.0322392,-0.0322392,-0.0322392,-0.0322392,-0.0322392,0.0907626,0.148676,-0.0322392,0.193565,-0.0322392,0.230684,-0.0322392,-0.0322392,0,-0.0322392,-0.0322392,0.0067812,-0.0322392,-0.0322392,0.0423944,0.034573,-0.0322392
-2.83318e-05,-0.0283032,0.0993955,-0.0283032,0.141028,-0.0283032,-0.0283032,-0.0283032,0.174646,0.154219,-0.0283032,-0.0283032,-0.0283032,0.212184,0.191476,0.151252,-0.0283032,0.0510995,0.198177,-0.0283032,-0.0283032,-0.0283032,-0.0283032,-0.0283032,-0.0283032,-0.0283032,-0.0283032,-0.0283032,-0.0283032,0.0229743,0.0411566,-0.0283032,-0.0283032,-0.0283032,-0.0283032,-0.0283032,-0.0283032,-0.0283032,-0.0283032,-0.00373985,-0.0283032,-0.0283032,-0.0283032,-0.0283032,-0.0283032,-0.0283032,-0.0283032,-0.0283032,-0.0283032,-0.0283032,-0.0283032,-0.0283032,-0.0283032,-0.0283032,-0.0283032,-0.0283032,-0.0283032,0.162976,-0.0283032,-0.0283032,-0.0283032,0.0987559,-0.0283032,-0.0283032,-0.0283032,-0.0283032,-0.0283032,-0.0283032,-0.0283032,0.265694,-0.0283032,-0.0283032,-0.0283032,-0.0283032,-0.0283032,-0.0283032,-0.0283032,-0.0283032,-0.0283032,-0.0283032,0.0414586,-0.0283032,-0.0283032,-0.0283032,-0.0283032,0.00662957,-0.0283032,0.00962206,0.0707432,-0.0283032,-0.0283032,-0.0283032,0,-0.0283032,-0.0283032,-0.0283032,-0.0283032,-0.0283032,-0.0283032,0.117932
-0.0368266,0.138666,-0.0368266,-0.0368266,-0.0368266,-0.0368266,-0.0368266,-0.0368266,0.253322,-0.0368266,-0.0105135,-0.0368266,-0.0368266,-0.0368266,-0.0368266,-0.0368266,-0.0368266,0.219339,-0.0368266,-0.0368266,-0.0368266,-0.0368266,-0.0368266,0.0262872,-0.0368266,-0.0368266,-0.0368266,-0.0368266,-0.0368266,-0.0368266,-0.0368266,-0.0368266,-0.0368266,0.0428409,-0.0368266,0.126236,-0.0368266,0.143222,-0.0368266,-0.0368266,0.0105249,-0.0368266,-0.0368266,-0.0368266,0.27222,-0.0368266,0.280531,-0.0368266,-0.0368266,-0.0368266,-0.0368266,-0.0368266,-0.028644,0.02419,-0.0368266,-0.0368266,-0.0368266,-0.0368266,-0.0368266,0.109531,0.190902,-0.0368266,-0.0368266,-0.0368266,-0.0368266,-0.0368266,0.00870427,-0.0368266,-0.0368266,-0.0368266,0.189646,0.20952,-0.0368266,-0.0368266,-0.0368266,-0.0368266,-0.0368266,-0.0368266,0.0949581,-0.0368266,0.139736,-0.0368266,-0.0368266,-0.0368266,-0.0368266,-0.0368266,-0.0368266,-0.0368266,-0.0368266,-0.0368266,0.183348,0.197549,-0.0232938,0,-0.0368266,-0.0368266,-0.0368266,-0.0368266,-0.0368266,-0.0368266
-0.0226838,-0.0226838,-0.0226838,0.050278,-0.0226838,-0.0226838,0.158947,-0.0226838,-0.0226838,-0.0226838,-0.0226838,0.00220268,-0.0226838,0.0381374,-0.0226838,-0.0226838,-0.0226838,-0.0226838,-0.0226838,-0.0226838,-0.0226838,-0.0226838,-0.0226838,-0.0226838,-0.0226838,-0.0226838,0.243367,-0.0226838,-0.0226838,-0.0226838,0.0212434,0.00947465,-0.0226838,-0.0226838,-0.0226838,-0.0226838,-0.0226838,-0.0226838,-0.0226838,-0.0226838,-0.0226838,-0.0226838,-0.0226838,-0.0226838,-0.0226838,-0.0226838,-0.0226838,-0.0226838,-0.0226838,-0.0226838,-0.0226838,-0.0226838,-0.0226838,-0.0226838,-0.0226838,0.284722,-0.0226838,0.156437,-0.0226838,-0.0226838,0.229051,0.0130546,-0.0226838,-0.0226838,-0.0226838,-0.0226838,-0.0226838,0.0357424,0.0210499,-0.0226838,0.179013,-0.0226838,-0.0226838,-0.0226838,0.0388378,-0.0226838,-0.0226838,-0.0226838,-0.0226838,0.0284933,-0.0226838,-0.0226838,-0.0226838,0.173548,-0.0226838,-0.0226838,-0.0226838,-0.0226838,-0.0226838,-0.0226838,-0.0226838,-0.0226838,-0.0226838,-0.0226838,0,-0.0226838,-0.0226838,-0.0226838,-0.0226838,0.153789
-0.0262573,-0.0262573,-0.0135057,-0.0262573,-0.0262573,-0.0262573,0.0286751,-0.0262573,-0.0262573,-0.0262573,-0.0262573,0.176793,-0.0262573,-0.0262573,-0.0262573,0.259669,-0.0262573,-0.0262573,-0.0262573,-0.0262573,-0.0262573,-0.0262573,0.00657788,0.25231,-0.0262573,-0.0262573,-0.0262573,-0.0262573,-0.0262573,-0.0262573,0.236084,-0.0262573,-0.0262573,-0.0262573,-0.0262573,-0.0262573,-0.0262573,0.0729837,0.249572,0.179924,-0.0262573,-0.0262573,-0.0262573,-0.0262573,-0.0262573,-0.0262573,-0.0262573,-0.0262573,-0.0262573,-0.0262573,-0.0262573,-0.0262573,-0.0262573,-0.0262573,-0.0262573,-0.0262573,0.0409782,-0.0262573,-0.0262573,-0.0262573,0.151896,-0.0262573,-0.0262573,-0.0262573,-0.0262573,0.00975376,0.0669637,0.0827517,-0.00200752,-0.0262573,-0.0262573,0.263146,-0.0262573,-0.0262573,-0.0262573,-0.0262573,-0.0262573,-0.0262573,-0.0262573,-0.0262573,-0.0262573,-0.0260596,-0.0262573,-0.0262573,-0.0262573,-0.0262573,-0.0262573,-0.0262573,-0.0262573,-0.0262573,-0.0262573,-0.0262573,-0.0262573,-0.0262573,-0.0262573,0,-0.0107167,-0.0262573,-0.0262573,0.0485379
0.184317,-0.0401835,0.0955606,-0.0401835,-0.0401835,0.0670545,-0.0401835,-0.0401835,0.0678762,-0.0401835,-0.0401835,-0.0401835,-0.0401835,0.163069,-0.0322254,-0.0401835,-0.0401835,-0.0401835,-0.0401835,-0.0401835,-0.0401835,0.178621,-0.0401835,-0.0401835,-0.0401835,-0.0401835,-0.0401835,-0.0401835,0.166122,0.104588,-0.0401835,-0.0401835,-0.0401835,-0.0401835,-0.0401835,-0.0401835,-0.0401835,-0.0401835,-0.0401835,-0.00715654,-0.0401835,-0.0401835,0.259888,-0.0401835,-0.0401835,-0.0401835,-0.0401835,-0.0401835,0.240015,-0.0401835,-0.0401835,-0.0401835,-0.0401835,-0.0401835,-0.0401835,0.0691146,-0.00134849,-0.0401835,-0.0401835,-0.0401835,-0.0401835,-0.0401835,0.0218933,-0.0401835,0.0394786,-0.0401835,-0.0401835,-0.0401835,-0.0401835,-0.0401835,-0.0401835,-0.0108378,0.229879,0.273218,-0.0401835,-0.0401835,0.115815,-0.0401835,0.265913,-0.0401835,0.247342,-0.0401835,-0.0401835,0.0247292,-0.0401835,-0.0401835,-0.0401835,-0.0401835,-0.0401835,-0.0401835,-0.0401835,-0.0401835,-0.0401835,-0.0401835,-0.0401835,0.20532,0,0.00533396,-0.0401835,-0.0401835
-0.0364575,-0.0364575,-0.0364575,-0.0364575,-0.0364575,-0.0364575,-0.0364575,-0.0364575,0.222881,-0.0364575,-0.0364575,0.118548,-0.0364575,-0.0364575,-0.0364575,-0.0364575,-0.0364575,-0.0364575,-0.0364575,-0.0364575,-0.0364575,0.110472,-0.0364575,0.0297929,-0.0364575,-0.0236297,-0.0364575,-0.0364575,-0.0364575,-0.0364575,-0.0364575,-0.0364575,-0.0364575,-0.0364575,-0.0364575,-0.0364575,-0.0364575,0.247129,0.0619353,-0.0364575,-0.0364575,-0.0364575,-0.0364575,-0.0364575,0.0952644,-0.0364575,-0.0364575,0.264543,-0.0364575,-0.0364575,-0.0364575,-0.0364575,-0.0364575,-0.0364575,-0.0364575,0.256768,-0.0364575,-0.0364575,-0.0364575,-0.0364575,-0.0364575,-0.0364575,-0.0364575,-0.0364575,-0.0364575,-0.0364575,-0.0364575,-0.0364575,0.0719737,0.225658,-0.0364575,0.280848,-0.0364575,-0.0364575,-0.0364575,-0.0364575,-0.0364575,-0.0364575,0.0258956,-0.0364575,0.205582,0.121135,0.210355,-0.0364575,0.241556,-0.0364575,-0.0364575,-0.0364575,-0.0364575,-0.0364575,-0.0364575,-0.0364575,-0.0364575,-0.0364575,-0.0364575,-0.0364575,-0.0256113,0,0.139043,-0.0364575
-0.0330116,-0.0330116,-0.0330116,-0.0330116,0.112957,-0.0330116,-0.0330116,-0.0330116,-0.0330116,-0.0330116,-0.0330116,-0.0330116,-0.0330116,-0.0330116,-0.0330116,-0.00221548,-0.0330116,-0.0330116,-0.0330116,-0.0330116,-0.0330116,-0.0330116,-0.0330116,-0.0330116,0.0230831,0.0284034,0.100488,-0.0330116,-0.0330116,0.010611,0.229647,-0.0267797,-0.0330116,-0.0330116,-0.0330116,-0.0330116,-0.0330116,-0.0330116,-0.0330116,0.0208047,-0.0330116,0.212425,-0.0330116,-0.0330116,0.108207,0.0696991,-0.0330116,-0.0330116,-0.0330116,-0.0330116,-0.0330116,-0.0330116,-0.0330116,0.275504,-0.0330116,-0.0330116,-0.0330116,-0.0330116,-0.0330116,-0.0330116,0.138324,-0.0330116,-0.0330116,0.159797,-0.0330116,-0.0330116,-0.0330116,0.134983,-0.0330116,-0.0330116,-0.0330116,-0.0330116,0.203881,-0.0330116,-0.0330116,-0.0330116,0.274038,0.145497,0.0400697,-0.0330116,-0.0330116,0.0367073,-0.0330116,-0.0330116,-0.0330116,-0.0330116,-0.0330116,-0.0330116,0.0905091,0.0985717,-0.0330116,-0.0330116,-0.0330116,-0.0330116,-0.0330116,-0.0330116,-0.00934065,-0.0330116,0,-0.0330116
-0.0247437,-0.0247437,0.153607,-0.0247437,-0.0247437,-0.0247437,-0.0247437,-0.0247437,-0.0247437,-0.0247437,-0.0247437,-0.0247437,-0.0247437,-0.0247437,-0.0247437,-0.0247437,-0.0247437,-0.0247437,-0.0247437,-0.0247437,-0.0247437,-0.0247437,0.0294278,-0.0247437,-0.0247437,-0.0247437,-0.0247437,-0.0247437,-0.0247437,-0.0247437,-0.0247437,-0.0247437,-0.0247437,-0.0247437,0.0961985,-0.0247437,-0.0247437,-0.0247437,-0.0247437,0.0672794,-0.0247437,-0.0247437,-0.0247437,-0.0247437,-0.0247437,-0.0247437,-0.0247437,-0.0247437,-0.0247437,0.244155,-0.0247437,-0.0247437,-0.0247437,-0.0247437,-0.0247437,-0.0247437,-0.0247437,-0.0247437,-0.0247437,-0.0247437,-0.0247437,-0.0247437,-0.0247437,0.085352,-0.0247437,0.0839428,-0.0247437,-0.0247437,-0.0247437,0.154007,-0.0247437,-0.0247437,-0.0247437,0.275965,0.238332,-0.0247437,-0.0247437,-0.0247437,-0.0247437,-0.0247437,0.0301224,-0.0247437,-0.0247437,0.227033,-0.0247437,-0.0247437,0.0980468,-0.0247437,-0.0247437,0.103374,-0.0247437,-0.0247437,-0.0247437,-0.0247437,-0.0247437,-0.0247437,-0.0247437,0.191632,-0.0247437,0
