{
  "target_pc": [
    0.3535533905929202,
    0.3535533905929203,
    0.8660254037835726
  ],
  "color_axis_color_pc": [
    -4.578232321155229,
    4.935070788896928,
    3.2782362264476306
  ],
  "color_axis_shape_pc": [
    -4.558686577380856,
    6.206149768597976,
    -2.02563239768354
  ],
  "shape_axis_shape_pc": [
    -5.742231407469503,
    -3.779859245525365,
    -3.165114862604625
  ],
  "shape_axis_color_pc": [
    -6.03685958852893,
    -4.910275753651153,
    0.8367970346233409
  ]
}