{
  "target_pc": [
    0.3535533905929201,
    0.3535533905929201,
    0.8660254037835726
  ],
  "color_axis_color_pc": [
    4.665070674818498,
    4.807100497905935,
    3.303483360628361
  ],
  "color_axis_shape_pc": [
    4.695034366951334,
    6.565338178782281,
    2.021142887121084
  ],
  "shape_axis_shape_pc": [
    5.904904686259869,
    -3.30830952494148,
    3.4367970482562065
  ],
  "shape_axis_color_pc": [
    6.100330232971633,
    -5.001281982958121,
    0.8749614371733598
  ]
}