{
  "target_pc": [
    -0.6861026878053975,
    0.17106461289585803,
    0.7071067811858406
  ],
  "color_axis_color_pc": [
    4.704757476257388,
    4.480236534450708,
    -3.7434288867431467
  ],
  "color_axis_shape_pc": [
    4.6016095900485166,
    6.291281455684397,
    -1.9369639796765665
  ],
  "shape_axis_shape_pc": [
    5.8035607217160505,
    -3.6684485414651893,
    -3.1445914916236357
  ],
  "shape_axis_color_pc": [
    6.140601277970327,
    -5.296000572800047,
    -1.6197179751357316
  ]
}