{
  "pca": {
    "explained_variance_ratio": [
      0.5209577521997664,
      0.4790422478002335,
      1.4716374096770465e-30
    ]
  },
  "to_target": {
    "color_axis": {
      "under_color_deg": 34.7089537657691,
      "under_shape_deg": 46.57302743171236,
      "improvement_deg": 11.864073665943259
    },
    "shape_axis": {
      "under_shape_deg": 59.31937427078332,
      "under_color_deg": 81.71124373651607,
      "improvement_deg": 22.391869465732746
    }
  },
  "unmod": {
    "color_axis_norm": 7.5540179560818945,
    "shape_axis_norm": 7.632282775796243
  },
  "color_alignment": {
    "solver": "SLSQP",
    "final_objective": -0.6757745350677797,
    "success": true,
    "status": 0,
    "message": "Optimization terminated successfully",
    "iterations": 10,
    "func_evals": 1212,
    "grad_evals": 10,
    "angles_deg": {
      "unmod_to_target": 60.17788300134249,
      "opt_to_target": 34.7089537657691,
      "delta_opt_vs_unmod": 27.96134463516641,
      "improvement": 25.468929235573384
    },
    "axis_norms": {
      "pre": 7.5540179560818945,
      "post": 7.554017956084298,
      "equality_residual": 3.630873379734112e-11
    },
    "g_stats": {
      "min": 0.7924191694534503,
      "max": 1.0559285198532289,
      "mean": 0.9813017639234628,
      "std": 0.04637214646388943,
      "l2_norm_g_minus_1": 0.5477225575098031,
      "linf_norm_g_minus_1": 0.20758083054654974
    },
    "constraint_residuals": {
      "ball": {
        "R_fraction": 0.05,
        "R_absolute": 0.5477225575051662,
        "residual_l2": -4.636957484649429e-12,
        "residual_sq": -5.079492382265016e-12
      }
    }
  },
  "shape_alignment": {
    "solver": "SLSQP",
    "final_objective": -0.26035724039577035,
    "success": true,
    "status": 0,
    "message": "Optimization terminated successfully",
    "iterations": 10,
    "func_evals": 1211,
    "grad_evals": 10,
    "angles_deg": {
      "unmod_to_target": 85.87289887747066,
      "opt_to_target": 59.31937427078332,
      "delta_opt_vs_unmod": 28.440371589938962,
      "improvement": 26.55352460668734
    },
    "axis_norms": {
      "pre": 7.632282775796243,
      "post": 7.632282775802893,
      "equality_residual": 1.0150102980333031e-10
    },
    "g_stats": {
      "min": 0.8373790691245055,
      "max": 1.1003409582536579,
      "mean": 0.9885136081010378,
      "std": 0.04866274551648819,
      "l2_norm_g_minus_1": 0.5477225575116331,
      "linf_norm_g_minus_1": 0.16262093087549445
    },
    "constraint_residuals": {
      "ball": {
        "R_fraction": 0.05,
        "R_absolute": 0.5477225575051662,
        "residual_l2": -6.466938096139074e-12,
        "residual_sq": -7.084111075528199e-12
      }
    }
  },
  "gain_comparison": {
    "ratio_color_over_shape": {
      "min": 0.7924191834033546,
      "max": 1.20018802532804,
      "mean": 0.9957245712673616,
      "median": 0.9910165231002397,
      "std": 0.07674059581572268
    },
    "diff_color_minus_shape": {
      "min": -0.20758081294261355,
      "max": 0.1688366633454168,
      "mean": -0.0072118441775750304,
      "median": -0.009123249362799735,
      "std": 0.07383493063873522
    }
  },
  "cfg": {
    "network": {
      "N": 120,
      "K": 2,
      "seed": 21,
      "desired_radius": 0.9,
      "p_high": 0.2,
      "p_low": 0.2,
      "zero_sum": "row",
      "wr_tuned": false,
      "weight_scale": 0.1
    },
    "objective": {
      "target_type": "custom_pc",
      "theta_deg": 45.0,
      "phi_deg": 60.0,
      "axis_of_interest": "color",
      "shape_for_color_line": 0.3,
      "color_for_shape_line": 0.6,
      "custom_stim_line_start": null,
      "custom_stim_line_end": null
    },
    "constraints": {
      "type": "ball",
      "radius": 0.05,
      "box_half_width": 0.2,
      "hard_norm": true,
      "positive_gains": false
    },
    "grid": {
      "shape_vals": [
        0.0,
        0.1,
        0.2,
        0.3,
        0.4,
        0.5,
        0.6,
        0.7,
        0.8,
        0.9,
        1.0
      ],
      "color_vals": [
        0.0,
        0.1,
        0.2,
        0.3,
        0.4,
        0.5,
        0.6,
        0.7,
        0.8,
        0.9,
        1.0
      ]
    },
    "tag": "paper"
  },
  "cross_attend": {
    "color_axis_angle_deg": 18.275972714069805,
    "shape_axis_angle_deg": 24.06481617454793,
    "shuffle": {
      "mode": "independent",
      "num_bins": 8,
      "binning": "quantile",
      "seed": 2025,
      "cross_attend": {
        "color_axis_angle_deg": 13.92276430697584,
        "shape_axis_angle_deg": 8.434406426400509
      },
      "axis_norms": {
        "color_axis": {
          "under_color_attend_shuf": 7.390607430535685,
          "under_shape_attend_shuf": 7.6639876539452585
        },
        "shape_axis": {
          "under_color_attend_shuf": 7.723367222248408,
          "under_shape_attend_shuf": 7.462875800764545
        }
      },
      "to_target": {
        "color_axis": {
          "under_color_deg": 48.116031022737936,
          "under_shape_deg": 60.61557594103935,
          "improvement_deg": 12.499544918301417
        },
        "shape_axis": {
          "under_shape_deg": 77.93560970357971,
          "under_color_deg": 84.70639561053045,
          "improvement_deg": 6.770785906950735
        }
      }
    },
    "color_axis_norms": {
      "under_color_attend": 7.554017956084298,
      "under_shape_attend": 8.33758831886859
    },
    "shape_axis_norms": {
      "under_color_attend": 7.9515472877776725,
      "under_shape_attend": 7.632282775802893
    }
  }
}