{
  "pca": {
    "explained_variance_ratio": [
      0.5209577521997664,
      0.4790422478002335,
      1.4716374096770465e-30
    ]
  },
  "to_target": {
    "color_axis": {
      "under_color_deg": 47.44730312485959,
      "under_shape_deg": 64.65044639893691,
      "improvement_deg": 17.20314327407732
    },
    "shape_axis": {
      "under_shape_deg": 26.457062129126598,
      "under_color_deg": 40.89356638101265,
      "improvement_deg": 14.43650425188605
    }
  },
  "unmod": {
    "color_axis_norm": 7.5540179560818945,
    "shape_axis_norm": 7.632282775796243
  },
  "color_alignment": {
    "solver": "SLSQP",
    "final_objective": -0.4573384359466703,
    "success": true,
    "status": 0,
    "message": "Optimization terminated successfully",
    "iterations": 10,
    "func_evals": 1212,
    "grad_evals": 10,
    "angles_deg": {
      "unmod_to_target": 72.57683268955601,
      "opt_to_target": 47.44730312485959,
      "delta_opt_vs_unmod": 31.4635924667252,
      "improvement": 25.129529564696426
    },
    "axis_norms": {
      "pre": 7.5540179560818945,
      "post": 7.554017956085319,
      "equality_residual": 5.1741722018050496e-11
    },
    "g_stats": {
      "min": 0.8051260516144926,
      "max": 1.132181190224215,
      "mean": 0.9902663849754195,
      "std": 0.04904341687315848,
      "l2_norm_g_minus_1": 0.5477225575096732,
      "linf_norm_g_minus_1": 0.19487394838550742
    },
    "constraint_residuals": {
      "ball": {
        "R_fraction": 0.05,
        "R_absolute": 0.5477225575051662,
        "residual_l2": -4.5070613907682855e-12,
        "residual_sq": -4.937217301659302e-12
      }
    }
  },
  "shape_alignment": {
    "solver": "SLSQP",
    "final_objective": -0.8015056765837635,
    "success": true,
    "status": 0,
    "message": "Optimization terminated successfully",
    "iterations": 11,
    "func_evals": 1332,
    "grad_evals": 11,
    "angles_deg": {
      "unmod_to_target": 49.290984695039754,
      "opt_to_target": 26.457062129126598,
      "delta_opt_vs_unmod": 26.248281578873232,
      "improvement": 22.833922565913156
    },
    "axis_norms": {
      "pre": 7.632282775796243,
      "post": 7.632282775805978,
      "equality_residual": 1.4858869690215215e-10
    },
    "g_stats": {
      "min": 0.846934735075145,
      "max": 1.1029778916133615,
      "mean": 0.9854516157341806,
      "std": 0.047836644068398965,
      "l2_norm_g_minus_1": 0.5477225575569407,
      "linf_norm_g_minus_1": 0.15306526492485495
    },
    "constraint_residuals": {
      "ball": {
        "R_fraction": 0.05,
        "R_absolute": 0.5477225575051662,
        "residual_l2": -5.177447359727694e-11,
        "residual_sq": -5.671602076873228e-11
      }
    }
  },
  "gain_comparison": {
    "ratio_color_over_shape": {
      "min": 0.8108326508516385,
      "max": 1.2375919552524812,
      "mean": 1.0077474018160397,
      "median": 1.0061749910803928,
      "std": 0.07686600307322723
    },
    "diff_color_minus_shape": {
      "min": -0.18783599890115588,
      "max": 0.20122487967798341,
      "mean": 0.0048147692412390366,
      "median": 0.006151335653627965,
      "std": 0.07378287521868131
    }
  },
  "cfg": {
    "network": {
      "N": 120,
      "K": 2,
      "seed": 21,
      "desired_radius": 0.9,
      "p_high": 0.2,
      "p_low": 0.2,
      "zero_sum": "row",
      "wr_tuned": false,
      "weight_scale": 0.1
    },
    "objective": {
      "target_type": "custom_pc",
      "theta_deg": 166.0,
      "phi_deg": 45.0,
      "axis_of_interest": "color",
      "shape_for_color_line": 0.3,
      "color_for_shape_line": 0.6,
      "custom_stim_line_start": null,
      "custom_stim_line_end": null
    },
    "constraints": {
      "type": "ball",
      "radius": 0.05,
      "box_half_width": 0.2,
      "hard_norm": true,
      "positive_gains": false
    },
    "grid": {
      "shape_vals": [
        0.0,
        0.1,
        0.2,
        0.3,
        0.4,
        0.5,
        0.6,
        0.7,
        0.8,
        0.9,
        1.0
      ],
      "color_vals": [
        0.0,
        0.1,
        0.2,
        0.3,
        0.4,
        0.5,
        0.6,
        0.7,
        0.8,
        0.9,
        1.0
      ]
    },
    "tag": "paper"
  },
  "cross_attend": {
    "color_axis_angle_deg": 21.215301846416082,
    "shape_axis_angle_deg": 19.134914252633582,
    "shuffle": {
      "mode": "independent",
      "num_bins": 8,
      "binning": "quantile",
      "seed": 2025,
      "cross_attend": {
        "color_axis_angle_deg": 6.879249797855793,
        "shape_axis_angle_deg": 7.748733637938982
      },
      "axis_norms": {
        "color_axis": {
          "under_color_attend_shuf": 7.244782653759479,
          "under_shape_attend_shuf": 7.625005943743367
        },
        "shape_axis": {
          "under_color_attend_shuf": 7.738077231229343,
          "under_shape_attend_shuf": 7.492705275575367
        }
      },
      "to_target": {
        "color_axis": {
          "under_color_deg": 68.98107428741702,
          "under_shape_deg": 69.16311558461699,
          "improvement_deg": 0.18204129719997297
        },
        "shape_axis": {
          "under_shape_deg": 41.42473622654492,
          "under_color_deg": 47.53760282947036,
          "improvement_deg": 6.112866602925436
        }
      }
    },
    "color_axis_norms": {
      "under_color_attend": 7.554017956085319,
      "under_shape_attend": 8.059523764974779
    },
    "shape_axis_norms": {
      "under_color_attend": 8.286984096705869,
      "under_shape_attend": 7.632282775805978
    }
  }
}