{
  "constraint_type": "ball",
  "hard_norm": true,
  "ranges": [
    0.02,
    0.04,
    0.06,
    0.08,
    0.1,
    0.14,
    0.18,
    0.22,
    0.26,
    0.3
  ],
  "rows": [
    {
      "range": 0.02,
      "impr_color_deg": 6.760433212653226,
      "impr_shape_deg": 10.109287121186,
      "color_cross_attend_deg": 8.825787397423062,
      "shape_cross_attend_deg": 10.760350004858331,
      "success_color": true,
      "success_shape": true,
      "color_cross_attend_deg_shuf": 5.669385713062226,
      "shape_cross_attend_deg_shuf": 4.1344864057454735,
      "impr_color_deg_shuf": 5.017878114802741,
      "impr_shape_deg_shuf": 3.3801931461590016,
      "color_cross_attend_deg_shuf_mean": 3.595842486259293,
      "shape_cross_attend_deg_shuf_mean": 3.2024085790046524,
      "color_cross_attend_deg_shuf_sem": 0.15884012749277748,
      "shape_cross_attend_deg_shuf_sem": 0.1384541996215318,
      "impr_color_deg_shuf_mean": 0.8832151613268138,
      "impr_shape_deg_shuf_mean": 1.7570125364058702,
      "impr_color_deg_shuf_sem": 0.36725317046953604,
      "impr_shape_deg_shuf_sem": 0.21015121744197912
    },
    {
      "range": 0.04,
      "impr_color_deg": 10.304080509003057,
      "impr_shape_deg": 18.806019425534252,
      "color_cross_attend_deg": 15.492808170086853,
      "shape_cross_attend_deg": 20.115806709452933,
      "success_color": true,
      "success_shape": true,
      "color_cross_attend_deg_shuf": 11.237800035610947,
      "shape_cross_attend_deg_shuf": 7.203601806484895,
      "impr_color_deg_shuf": 10.041632608476931,
      "impr_shape_deg_shuf": 5.8581727334570814,
      "color_cross_attend_deg_shuf_mean": 7.153041941159942,
      "shape_cross_attend_deg_shuf_mean": 6.271068538661854,
      "color_cross_attend_deg_shuf_sem": 0.2731685560968786,
      "shape_cross_attend_deg_shuf_sem": 0.22251428026543044,
      "impr_color_deg_shuf_mean": 2.6586681941494237,
      "impr_shape_deg_shuf_mean": 3.4140670046046866,
      "impr_color_deg_shuf_sem": 0.6350404941849981,
      "impr_shape_deg_shuf_sem": 0.3926273616158877
    },
    {
      "range": 0.06,
      "impr_color_deg": 13.357756404031328,
      "impr_shape_deg": 25.609632488417702,
      "color_cross_attend_deg": 20.72979650006977,
      "shape_cross_attend_deg": 27.65107900574416,
      "success_color": true,
      "success_shape": true,
      "color_cross_attend_deg_shuf": 16.530815977667753,
      "shape_cross_attend_deg_shuf": 9.546386885643296,
      "impr_color_deg_shuf": 14.89649879970726,
      "impr_shape_deg_shuf": 7.5184711665818185,
      "color_cross_attend_deg_shuf_mean": 10.644569748899082,
      "shape_cross_attend_deg_shuf_mean": 9.235372909856318,
      "color_cross_attend_deg_shuf_sem": 0.39124828417589436,
      "shape_cross_attend_deg_shuf_sem": 0.287864162862494,
      "impr_color_deg_shuf_mean": 4.614485097400528,
      "impr_shape_deg_shuf_mean": 4.892535493051809,
      "impr_color_deg_shuf_sem": 0.8624486809001223,
      "impr_shape_deg_shuf_sem": 0.5560648367332072
    },
    {
      "range": 0.08,
      "impr_color_deg": 16.198437468213037,
      "impr_shape_deg": 31.197778235943126,
      "color_cross_attend_deg": 24.823138215950117,
      "shape_cross_attend_deg": 33.956268593780855,
      "success_color": true,
      "success_shape": true,
      "color_cross_attend_deg_shuf": 21.515731293429152,
      "shape_cross_attend_deg_shuf": 11.556552683703291,
      "impr_color_deg_shuf": 19.479497605180697,
      "impr_shape_deg_shuf": 8.59165484582374,
      "color_cross_attend_deg_shuf_mean": 13.96858577466477,
      "shape_cross_attend_deg_shuf_mean": 12.10213078675904,
      "color_cross_attend_deg_shuf_sem": 0.512321150435986,
      "shape_cross_attend_deg_shuf_sem": 0.357494542726958,
      "impr_color_deg_shuf_mean": 6.502377979777319,
      "impr_shape_deg_shuf_mean": 6.301398347564061,
      "impr_color_deg_shuf_sem": 1.0677135130836157,
      "impr_shape_deg_shuf_sem": 0.7097700555965941
    },
    {
      "range": 0.1,
      "impr_color_deg": 18.867756609641724,
      "impr_shape_deg": 35.91753730686078,
      "color_cross_attend_deg": 28.075926478183487,
      "shape_cross_attend_deg": 39.32298102619361,
      "success_color": true,
      "success_shape": true,
      "color_cross_attend_deg_shuf": 26.214243677637132,
      "shape_cross_attend_deg_shuf": 13.437498325187928,
      "impr_color_deg_shuf": 23.779086068921607,
      "impr_shape_deg_shuf": 9.163363178009945,
      "color_cross_attend_deg_shuf_mean": 17.06367052569756,
      "shape_cross_attend_deg_shuf_mean": 14.877563667044274,
      "color_cross_attend_deg_shuf_sem": 0.6295462799228329,
      "shape_cross_attend_deg_shuf_sem": 0.43589076590180764,
      "impr_color_deg_shuf_mean": 8.233678068006501,
      "impr_shape_deg_shuf_mean": 7.563586535130372,
      "impr_color_deg_shuf_sem": 1.2525677364097034,
      "impr_shape_deg_shuf_sem": 0.8299728849197651
    },
    {
      "range": 0.14,
      "impr_color_deg": 23.719273268970014,
      "impr_shape_deg": 43.47958269791635,
      "color_cross_attend_deg": 32.90205154132725,
      "shape_cross_attend_deg": 47.874724876571285,
      "success_color": true,
      "success_shape": true,
      "color_cross_attend_deg_shuf": 34.887686197672174,
      "shape_cross_attend_deg_shuf": 17.326126095069824,
      "impr_color_deg_shuf": 31.614334721815503,
      "impr_shape_deg_shuf": 9.058921275809212,
      "color_cross_attend_deg_shuf_mean": 22.58344383465922,
      "shape_cross_attend_deg_shuf_mean": 20.221032043901992,
      "color_cross_attend_deg_shuf_sem": 0.8337582136543302,
      "shape_cross_attend_deg_shuf_sem": 0.6070233868021905,
      "impr_color_deg_shuf_mean": 11.211056823378565,
      "impr_shape_deg_shuf_mean": 9.458931134585855,
      "impr_color_deg_shuf_sem": 1.55565921885232,
      "impr_shape_deg_shuf_sem": 1.0302569722107053
    },
    {
      "range": 0.18,
      "impr_color_deg": 27.98392251033957,
      "impr_shape_deg": 49.264771619287195,
      "color_cross_attend_deg": 36.37118978353428,
      "shape_cross_attend_deg": 54.293272951867515,
      "success_color": true,
      "success_shape": true,
      "color_cross_attend_deg_shuf": 42.77384490296918,
      "shape_cross_attend_deg_shuf": 21.826633996816025,
      "impr_color_deg_shuf": 38.54772240877234,
      "impr_shape_deg_shuf": 7.8546837336286615,
      "color_cross_attend_deg_shuf_mean": 27.478575151342092,
      "shape_cross_attend_deg_shuf_mean": 25.41620351447805,
      "color_cross_attend_deg_shuf_sem": 0.9956214812497345,
      "shape_cross_attend_deg_shuf_sem": 0.7785029036237546,
      "impr_color_deg_shuf_mean": 13.72821035573403,
      "impr_shape_deg_shuf_mean": 10.5137318021849,
      "impr_color_deg_shuf_sem": 1.7812418318520666,
      "impr_shape_deg_shuf_sem": 1.2531396644609023
    },
    {
      "range": 0.22,
      "impr_color_deg": 31.758455889116647,
      "impr_shape_deg": 53.79077708631932,
      "color_cross_attend_deg": 39.071020416531034,
      "shape_cross_attend_deg": 59.2503459166714,
      "success_color": true,
      "success_shape": true,
      "color_cross_attend_deg_shuf": 49.98058389262459,
      "shape_cross_attend_deg_shuf": 26.91823667755048,
      "impr_color_deg_shuf": 44.58530306993624,
      "impr_shape_deg_shuf": 6.249836990283185,
      "color_cross_attend_deg_shuf_mean": 32.06969133026383,
      "shape_cross_attend_deg_shuf_mean": 30.584904066540247,
      "color_cross_attend_deg_shuf_sem": 1.1289833961652969,
      "shape_cross_attend_deg_shuf_sem": 0.9410556638885813,
      "impr_color_deg_shuf_mean": 15.996266860708065,
      "impr_shape_deg_shuf_mean": 11.181953056097159,
      "impr_color_deg_shuf_sem": 1.9617790292292134,
      "impr_shape_deg_shuf_sem": 1.4812270838050707
    },
    {
      "range": 0.26,
      "impr_color_deg": 35.11038490798762,
      "impr_shape_deg": 57.33101063965344,
      "color_cross_attend_deg": 41.27105232361661,
      "shape_cross_attend_deg": 63.13577966750551,