{
  "constraint_type": "ball",
  "hard_norm": true,
  "ranges": [
    0.02,
    0.04,
    0.06,
    0.08,
    0.1,
    0.14,
    0.18,
    0.2,
    0.22,
    0.25
  ],
  "rows": [
    {
      "range": 0.02,
      "impr_color_deg": 5.224883416117952,
      "impr_shape_deg": 2.806412662720305,
      "color_cross_attend_deg": 7.471879012637751,
      "shape_cross_attend_deg": 10.79224629227169,
      "success_color": true,
      "success_shape": true,
      "color_cross_attend_deg_shuf": 1.5768622736994204,
      "shape_cross_attend_deg_shuf": 3.9413174166918883,
      "impr_color_deg_shuf": 0.40756611486289884,
      "impr_shape_deg_shuf": 0.5002263494811956,
      "color_cross_attend_deg_shuf_mean": 2.6296115751256672,
      "shape_cross_attend_deg_shuf_mean": 2.816295978932166,
      "color_cross_attend_deg_shuf_sem": 0.12880251068656773,
      "shape_cross_attend_deg_shuf_sem": 0.11704213461807549,
      "impr_color_deg_shuf_mean": 0.07283488566548053,
      "impr_shape_deg_shuf_mean": 0.287754105935299,
      "impr_color_deg_shuf_sem": 0.05604598568635915,
      "impr_shape_deg_shuf_sem": 0.04219341243608467
    },
    {
      "range": 0.04,
      "impr_color_deg": 10.978789090137287,
      "impr_shape_deg": 6.4183431161831095,
      "color_cross_attend_deg": 13.15046894876715,
      "shape_cross_attend_deg": 20.397520417262673,
      "success_color": true,
      "success_shape": true,
      "color_cross_attend_deg_shuf": 2.7978625913089834,
      "shape_cross_attend_deg_shuf": 7.274618855611928,
      "impr_color_deg_shuf": 1.2635840299927485,
      "impr_shape_deg_shuf": 1.2625599194366401,
      "color_cross_attend_deg_shuf_mean": 4.562673896775056,
      "shape_cross_attend_deg_shuf_mean": 5.7241880514427,
      "color_cross_attend_deg_shuf_sem": 0.2046568422712674,
      "shape_cross_attend_deg_shuf_sem": 0.1998558215895114,
      "impr_color_deg_shuf_mean": 0.6932937569409607,
      "impr_shape_deg_shuf_mean": 0.7837799205536768,
      "impr_color_deg_shuf_sem": 0.14252878420625284,
      "impr_shape_deg_shuf_sem": 0.09424717445589423
    },
    {
      "range": 0.06,
      "impr_color_deg": 14.850793627937481,
      "impr_shape_deg": 10.232834738676772,
      "color_cross_attend_deg": 16.75560682637901,
      "shape_cross_attend_deg": 27.58564272258662,
      "success_color": true,
      "success_shape": true,
      "color_cross_attend_deg_shuf": 4.222363814130058,
      "shape_cross_attend_deg_shuf": 9.624729740492413,
      "impr_color_deg_shuf": 2.5483096334760793,
      "impr_shape_deg_shuf": 2.1633098299430316,
      "color_cross_attend_deg_shuf_mean": 6.156477053614532,
      "shape_cross_attend_deg_shuf_mean": 8.601098714780145,
      "color_cross_attend_deg_shuf_sem": 0.2624910547185578,
      "shape_cross_attend_deg_shuf_sem": 0.2763075387908256,
      "impr_color_deg_shuf_mean": 1.629135342677952,
      "impr_shape_deg_shuf_mean": 1.3994896440415456,
      "impr_color_deg_shuf_sem": 0.21969907288582732,
      "impr_shape_deg_shuf_sem": 0.1509102672184009
    },
    {
      "range": 0.08,
      "impr_color_deg": 17.600693581173353,
      "impr_shape_deg": 14.14184195227223,
      "color_cross_attend_deg": 19.25662872801292,
      "shape_cross_attend_deg": 33.99199746868989,
      "success_color": true,
      "success_shape": true,
      "color_cross_attend_deg_shuf": 6.003600719351495,
      "shape_cross_attend_deg_shuf": 11.570406873017447,
      "impr_color_deg_shuf": 4.1707605396465,
      "impr_shape_deg_shuf": 3.1288581608024515,
      "color_cross_attend_deg_shuf_mean": 7.624534106271015,
      "shape_cross_attend_deg_shuf_mean": 11.501587668718187,
      "color_cross_attend_deg_shuf_sem": 0.31214579719120283,
      "shape_cross_attend_deg_shuf_sem": 0.3570972744431577,
      "impr_color_deg_shuf_mean": 2.743057890214727,
      "impr_shape_deg_shuf_mean": 2.1028950565424047,
      "impr_color_deg_shuf_sem": 0.28616198548835736,
      "impr_shape_deg_shuf_sem": 0.2104321901462297
    },
    {
      "range": 0.1,
      "impr_color_deg": 19.585686670748235,
      "impr_shape_deg": 18.16472879710021,
      "color_cross_attend_deg": 21.03464066529175,
      "shape_cross_attend_deg": 40.27310448912676,
      "success_color": true,
      "success_shape": true,
      "color_cross_attend_deg_shuf": 8.112668799318476,
      "shape_cross_attend_deg_shuf": 13.570031201984694,
      "impr_color_deg_shuf": 5.989345273428318,
      "impr_shape_deg_shuf": 4.103835393355752,
      "color_cross_attend_deg_shuf_mean": 9.101162451683528,
      "shape_cross_attend_deg_shuf_mean": 14.456135948974566,
      "color_cross_attend_deg_shuf_sem": 0.3593566790111811,
      "shape_cross_attend_deg_shuf_sem": 0.4380409868036249,
      "impr_color_deg_shuf_mean": 3.8995590599726855,
      "impr_shape_deg_shuf_mean": 2.8723219815807806,
      "impr_color_deg_shuf_sem": 0.35139333302353154,
      "impr_shape_deg_shuf_sem": 0.2710909405405982
    },
    {
      "range": 0.14,
      "impr_color_deg": 21.915573393069113,
      "impr_shape_deg": 26.4996716472021,
      "color_cross_attend_deg": 23.062745957333863,
      "shape_cross_attend_deg": 52.71135031303611,
      "success_color": true,
      "success_shape": true,
      "color_cross_attend_deg_shuf": 12.761529292012218,
      "shape_cross_attend_deg_shuf": 18.366412905535388,
      "impr_color_deg_shuf": 9.744895424392286,
      "impr_shape_deg_shuf": 5.927363790220568,
      "color_cross_attend_deg_shuf_mean": 12.17592348179508,
      "shape_cross_attend_deg_shuf_mean": 20.698289763612873,
      "color_cross_attend_deg_shuf_sem": 0.48716885060438325,
      "shape_cross_attend_deg_shuf_sem": 0.6124215018024094,
      "impr_color_deg_shuf_mean": 5.98021213142956,
      "impr_shape_deg_shuf_mean": 4.462411676459337,
      "impr_color_deg_shuf_sem": 0.471166714097114,
      "impr_shape_deg_shuf_sem": 0.3942974754505932
    },
    {
      "range": 0.18,
      "impr_color_deg": 22.777808522149698,
      "impr_shape_deg": 34.57606106462963,
      "color_cross_attend_deg": 23.71604658600782,
      "shape_cross_attend_deg": 63.18927092764978,
      "success_color": true,
      "success_shape": true,
      "color_cross_attend_deg_shuf": 17.96101116577627,
      "shape_cross_attend_deg_shuf": 23.098921390878175,
      "impr_color_deg_shuf": 13.510690851110525,
      "impr_shape_deg_shuf": 7.801234315483171,
      "color_cross_attend_deg_shuf_mean": 15.319653634406784,
      "shape_cross_attend_deg_shuf_mean": 27.62210615774396,
      "color_cross_attend_deg_shuf_sem": 0.6792300598816972,
      "shape_cross_attend_deg_shuf_sem": 0.8405430921876457,
      "impr_color_deg_shuf_mean": 7.525121457967853,
      "impr_shape_deg_shuf_mean": 5.9191253409248,
      "impr_color_deg_shuf_sem": 0.5679124992544892,
      "impr_shape_deg_shuf_sem": 0.5189268374289625
    },
    {
      "range": 0.2,
      "impr_color_deg": 22.997476207238826,
      "impr_shape_deg": 38.16778093948721,
      "color_cross_attend_deg": 23.851476845924687,
      "shape_cross_attend_deg": 67.41378005552616,
      "success_color": true,
      "success_shape": true,
      "color_cross_attend_deg_shuf": 21.063187090247535,
      "shape_cross_attend_deg_shuf": 24.904972909457666,
      "impr_color_deg_shuf": 15.755865892836347,
      "impr_shape_deg_shuf": 8.783851804478616,
      "color_cross_attend_deg_shuf_mean": 16.92541882397985,
      "shape_cross_attend_deg_shuf_mean": 31.269872252822275,
      "color_cross_attend_deg_shuf_sem": 0.7847203893625417,
      "shape_cross_attend_deg_shuf_sem": 0.9631128457326577,
      "impr_color_deg_shuf_mean": 8.111075257781467,
      "impr_shape_deg_shuf_mean": 6.617850452704684,
      "impr_color_deg_shuf_sem": 0.6247858586461496,
      "impr_shape_deg_shuf_sem": 0.5762493804807192
    },
    {
      "range": 0.22,
      "impr_color_deg": 23.18212001991997,
      "impr_shape_deg": 41.34468265514435,
      "color_cross_attend_deg": 23.961161833525896,
      "shape_cross_attend_deg": 71.05592476732899,