{
  "pca": {
    "explained_variance_ratio": [
      0.5209577521997664,
      0.4790422478002335,
      1.4716374096770465e-30
    ]
  },
  "unmod": {
    "color_axis_norm": 7.5540179560818945,
    "shape_axis_norm": 7.632282775796248
  },
  "color_alignment": {
    "solver": "SLSQP",
    "final_objective": -0.929140361512274,
    "success": true,
    "status": 0,
    "message": "Optimization terminated successfully",
    "iterations": 20,
    "func_evals": 2422,
    "grad_evals": 20,
    "angles_deg": {
      "unmod_to_target": 32.1766650582999,
      "opt_to_target": 15.437956405350095,
      "delta_opt_vs_unmod": 25.33016903110269,
      "improvement": 16.73870865294981
    },
    "axis_norms": {
      "pre": 7.5540179560818945,
      "post": 7.5540179561058975,
      "equality_residual": 3.6263969604988233e-10
    },
    "g_stats": {
      "min": 0.8032441559048722,
      "max": 1.083222540969682,
      "mean": 0.9953440474961099,
      "std": 0.04978274909115991,
      "l2_norm_g_minus_1": 0.5477225575919104,
      "linf_norm_g_minus_1": 0.1967558440951278
    },
    "constraint_residuals": {
      "ball": {
        "R_fraction": 0.05,
        "R_absolute": 0.5477225575051662,
        "residual_l2": -8.674416740461766e-11,
        "residual_sq": -9.502343356615484e-11
      }
    }
  },
  "shape_alignment": {
    "solver": "SLSQP",
    "final_objective": -0.3685973864799759,
    "success": true,
    "status": 0,
    "message": "Optimization terminated successfully",
    "iterations": 9,
    "func_evals": 1090,
    "grad_evals": 9,
    "angles_deg": {
      "unmod_to_target": 69.01432407856089,
      "opt_to_target": 52.61828986209597,
      "delta_opt_vs_unmod": 27.541157645861727,
      "improvement": 16.39603421646492
    },
    "axis_norms": {
      "pre": 7.632282775796248,
      "post": 7.632282775818492,
      "equality_residual": 3.395541625650367e-10
    },
    "g_stats": {
      "min": 0.834235586951074,
      "max": 1.1110322121489697,
      "mean": 0.9957308838263842,
      "std": 0.049817413099769906,
      "l2_norm_g_minus_1": 0.5477225575990408,
      "linf_norm_g_minus_1": 0.16576441304892597
    },
    "constraint_residuals": {
      "ball": {
        "R_fraction": 0.05,
        "R_absolute": 0.5477225575051662,
        "residual_l2": -9.387457478027272e-11,
        "residual_sq": -1.0283440765590512e-10
      }
    }
  },
  "gain_comparison": {
    "ratio_color_over_shape": {
      "min": 0.8032441579497676,
      "max": 1.2226830276848948,
      "mean": 1.0027439668783675,
      "median": 0.9987229388123551,
      "std": 0.0797406717256467
    },
    "diff_color_minus_shape": {
      "min": -0.19675584154957726,
      "max": 0.19728357196272583,
      "mean": -0.0003868363302742039,
      "median": -0.0012730124532532305,
      "std": 0.07720275349443623
    }
  },
  "cfg": {
    "network": {
      "N": 120,
      "K": 2,
      "seed": 21,
      "desired_radius": 0.9,
      "p_high": 0.2,
      "p_low": 0.2,
      "zero_sum": "row",
      "wr_tuned": false,
      "weight_scale": 0.1
    },
    "objective": {
      "target_type": "custom_pc",
      "theta_deg": 30.0,
      "phi_deg": 25.0,
      "axis_of_interest": "color",
      "shape_for_color_line": 0.3,
      "color_for_shape_line": 0.3,
      "custom_stim_line_start": null,
      "custom_stim_line_end": null
    },
    "constraints": {
      "type": "ball",
      "radius": 0.05,
      "box_half_width": 0.2,
      "hard_norm": true,
      "positive_gains": false
    },
    "grid": {
      "shape_vals": [
        0.0,
        0.1,
        0.2,
        0.3,
        0.4,
        0.5,
        0.6,
        0.7,
        0.8,
        0.9,
        1.0
      ],
      "color_vals": [
        0.0,
        0.1,
        0.2,
        0.3,
        0.4,
        0.5,
        0.6,
        0.7,
        0.8,
        0.9,
        1.0
      ]
    },
    "tag": "default_smallpc1_custom"
  },
  "cross_attend": {
    "color_axis_angle_deg": 16.416199775813052,
    "shape_axis_angle_deg": 23.082718943239215,
    "color_axis_norms": {
      "under_color_attend": 7.5540179561058975,
      "under_shape_attend": 8.42976029672001
    },
    "shape_axis_norms": {
      "under_color_attend": 8.14250199265974,
      "under_shape_attend": 7.632282775818492
    }
  },
  "shuffle": {
    "mode": "independent",
    "num_bins": 10,
    "binning": "quantile",
    "seed": 1234,
    "cross_attend": {
      "color_axis_angle_deg": 6.195416348368017,
      "shape_axis_angle_deg": 10.66744450937949
    },
    "axis_norms": {
      "color_axis": {
        "under_color_attend_shuf": 7.222023821217593,
        "under_shape_attend_shuf": 7.71381792773526
      },
      "shape_axis": {
        "under_color_attend_shuf": 7.816937285711543,
        "under_shape_attend_shuf": 7.577750842954503
      }
    }
  }
}