{
  "pca": {
    "explained_variance_ratio": [
      0.5209577521997616,
      0.4790422478002384,
      2.099444333816611e-30
    ]
  },
  "unmod": {
    "color_axis_norm": 7.554017956081931,
    "shape_axis_norm": 7.632282775796282
  },
  "color_alignment": {
    "solver": "SLSQP",
    "final_objective": -0.18728428798580088,
    "success": true,
    "status": 0,
    "message": "Optimization terminated successfully",
    "iterations": 10,
    "func_evals": 1210,
    "grad_evals": 10,
    "angles_deg": {
      "unmod_to_target": 98.19847120987204,
      "opt_to_target": 115.64307008015909,
      "delta_opt_vs_unmod": 30.94532571681897,
      "improvement": -17.444598870287052
    },
    "axis_norms": {
      "pre": 7.554017956081931,
      "post": 7.5540179561386,
      "equality_residual": 8.561613640267751e-10
    },
    "g_stats": {
      "min": 0.8057206294933617,
      "max": 1.1354775990956907,
      "mean": 0.9942094798164091,
      "std": 0.04966356689759775,
      "l2_norm_g_minus_1": 0.5477225576134773,
      "linf_norm_g_minus_1": 0.19427937050663835
    },
    "constraint_residuals": {
      "ball": {
        "R_fraction": 0.05,
        "R_absolute": 0.5477225575051662,
        "residual_l2": -1.0831113783638102e-10,
        "residual_sq": -1.186488685078757e-10
      }
    }
  },
  "shape_alignment": {
    "solver": "SLSQP",
    "final_objective": -0.9886492306639886,
    "success": true,
    "status": 0,
    "message": "Optimization terminated successfully",
    "iterations": 30,
    "func_evals": 3632,
    "grad_evals": 30,
    "angles_deg": {
      "unmod_to_target": 154.16774006633563,
      "opt_to_target": 173.8841008041384,
      "delta_opt_vs_unmod": 23.215370130107956,
      "improvement": -19.716360737802773
    },
    "axis_norms": {
      "pre": 7.632282775796282,
      "post": 7.632282775806677,
      "equality_residual": 1.5866419289523037e-10
    },
    "g_stats": {
      "min": 0.8449660070454782,
      "max": 1.1159968219000447,
      "mean": 0.9843300334860878,
      "std": 0.04748107148895227,
      "l2_norm_g_minus_1": 0.5477225575365098,
      "linf_norm_g_minus_1": 0.1550339929545218
    },
    "constraint_residuals": {
      "ball": {
        "R_fraction": 0.05,
        "R_absolute": 0.5477225575051662,
        "residual_l2": -3.1343594386612494e-11,
        "residual_sq": -3.433514583761621e-11
      }
    }
  },
  "gain_comparison": {
    "ratio_color_over_shape": {
      "min": 0.8155520554831501,
      "max": 1.2277259704486354,
      "mean": 1.012733925486674,
      "median": 1.0058671682807734,
      "std": 0.07508891735182077
    },
    "diff_color_minus_shape": {
      "min": -0.1822244367675777,
      "max": 0.19525875803285253,
      "mean": 0.009879446330321335,
      "median": 0.005944979576198772,
      "std": 0.07195078810501788
    }
  },
  "cfg": {
    "network": {
      "N": 120,
      "K": 2,
      "seed": 21,
      "desired_radius": 0.9,
      "p_high": 0.2,
      "p_low": 0.2,
      "zero_sum": "row",
      "wr_tuned": false,
      "weight_scale": 0.1
    },
    "objective": {
      "target_type": "custom_pc",
      "theta_deg": 30.0,
      "phi_deg": 25.0,
      "axis_of_interest": "color",
      "shape_for_color_line": 0.3,
      "color_for_shape_line": 0.3,
      "custom_stim_line_start": null,
      "custom_stim_line_end": null
    },
    "constraints": {
      "type": "ball",
      "radius": 0.05,
      "box_half_width": 0.2,
      "hard_norm": true,
      "positive_gains": false
    },
    "grid": {
      "shape_vals": [
        0.0,
        0.1,
        0.2,
        0.3,
        0.4,
        0.5,
        0.6,
        0.7,
        0.8,
        0.9,
        1.0
      ],
      "color_vals": [
        0.0,
        0.1,
        0.2,
        0.3,
        0.4,
        0.5,
        0.6,
        0.7,
        0.8,
        0.9,
        1.0
      ]
    },
    "tag": "default_smallpc1_custom"
  }
}